review_id,run_id,source_layer,source_id,source_name,source_type,master_site_id_candidate,master_site_name,master_site_type,distance_m,score,review_bucket,review_action_default,suggested_decision,business_decision,comments,qa_color,qa_icon,WKT
04bc2b52-9fae-4a3d-90a6-24e235323ce3,e60088e9-cf94-4e41-ae65-a5390866b4b8,infra.huilerie,208,Cooperative Almoumnia Essatia,HUILERIE,b065bd4d-cc7f-450d-8b10-a8947e19b6d2,Cooperative Almoumnia Essatia,infra.huilerie_inventaire_pollution,0.04,0.740,VERY_CLOSE_2M,NEED_REVIEW,NEED_REVIEW,,,#f59e0b,alert,POINT(503285 440444)
7bb2c1ad-6dd2-4a99-a975-4cb952939f6c,e60088e9-cf94-4e41-ae65-a5390866b4b8,infra.huilerie,227,Zoyout Chefchaouen,HUILERIE,fbfcfcbb-a262-4edf-aa1d-2faecddf1581,Zoyout Chefchaouen,infra.huilerie_inventaire_pollution,0.06,0.740,VERY_CLOSE_2M,NEED_REVIEW,NEED_REVIEW,,,#f59e0b,alert,POINT(504605 480731)
b4335a1d-a5e3-40cb-908b-95a008256c8f,e60088e9-cf94-4e41-ae65-a5390866b4b8,infra.huilerie,549,"H,OUERYAGHLI ADNAN",HUILERIE,6ec91ed0-6f67-44c8-a99b-cdc4f9df2806,"H,OUERYAGHLI ADNAN",infra.huilerie_inventaire_pollution,0.06,0.740,VERY_CLOSE_2M,NEED_REVIEW,NEED_REVIEW,,,#f59e0b,alert,POINT(488592 384219)
acd8f58f-3aae-4814-9bad-b641694a6fb4,e60088e9-cf94-4e41-ae65-a5390866b4b8,infra.huilerie,201,Ste Huillerie Dalila,HUILERIE,163544a2-145a-46bd-b391-e7a181fda013,Ste Huillerie Dalila,infra.huilerie_inventaire_pollution,0.08,0.740,VERY_CLOSE_2M,NEED_REVIEW,NEED_REVIEW,,,#f59e0b,alert,POINT(518169 460880)
4099fb59-8327-40ec-b28d-dfdc8d1efd69,e60088e9-cf94-4e41-ae65-a5390866b4b8,infra.huilerie,31,Société Ouled Anajate,HUILERIE,8b72a167-17e9-4b5c-978d-2b7f21d6decf,Société Ouled Anajate,infra.huilerie_inventaire_pollution,0.08,0.740,VERY_CLOSE_2M,NEED_REVIEW,NEED_REVIEW,,,#f59e0b,alert,POINT(515568 376239)
770bbf34-d936-4c2f-b8c9-94e6e5b59564,e60088e9-cf94-4e41-ae65-a5390866b4b8,infra.decharge,13,décharge guigou,DECHARGE,d2329708-0407-4b9c-9857-5e49e1880334,Décharge Guigou,infra.decharge_inventaire_pollution_general,0.11,0.740,VERY_CLOSE_2M,NEED_REVIEW,NEED_REVIEW,,,#f59e0b,alert,POINT(554610.89 309314.01)
e473b7af-5450-4f7d-aa40-fc5e650fa33f,e60088e9-cf94-4e41-ae65-a5390866b4b8,infra.huilerie,513,"H,YOUSSEF MKDAD",HUILERIE,5c292b4b-1a7f-4eef-b58f-de87a83a43d4,"H,YOUSSEF MKDAD",infra.huilerie_inventaire_pollution,0.12,0.740,VERY_CLOSE_2M,NEED_REVIEW,NEED_REVIEW,,,#f59e0b,alert,POINT(513814 375567)
f8417848-d914-4f02-b92b-1cca062cb1e0,e60088e9-cf94-4e41-ae65-a5390866b4b8,infra.huilerie,207,Huilerie Modèrene Ouannana,HUILERIE,86cb4918-ce01-4dc4-a0a9-09a88d676d02,Huilerie Modèrene Ouannana,infra.huilerie_inventaire_pollution,0.14,0.740,VERY_CLOSE_2M,NEED_REVIEW,NEED_REVIEW,,,#f59e0b,alert,POINT(503586 450001)
1d94de6b-10b3-45c9-923c-96b81808f26c,e60088e9-cf94-4e41-ae65-a5390866b4b8,infra.huilerie,539,OLEA SAISS,HUILERIE,96a8eb10-c5a6-45ba-abb9-fb5ecb2d30c8,OLEA SAISS,infra.huilerie_inventaire_pollution,0.14,0.740,VERY_CLOSE_2M,NEED_REVIEW,NEED_REVIEW,,,#f59e0b,alert,POINT(484750 375784)
de917302-ac85-4700-8666-3190a1f29dd4,e60088e9-cf94-4e41-ae65-a5390866b4b8,infra.huilerie,206,Lhaj Abdessalam,HUILERIE,6ffab696-7e78-43a4-9927-a28e29cae370,Lhaj Abdessalam,infra.huilerie_inventaire_pollution,0.16,0.740,VERY_CLOSE_2M,NEED_REVIEW,NEED_REVIEW,,,#f59e0b,alert,POINT(504103 479981)
e258ee17-ae4f-4544-81a7-87619006567d,e60088e9-cf94-4e41-ae65-a5390866b4b8,infra.huilerie,118,H.MOULAY DRISS EL AZHAR,HUILERIE,a8f1aa7d-ab3f-4481-b88d-eecf17acb649,H.MOULAY DRISS EL AZHAR,infra.huilerie_inventaire_pollution,0.17,0.740,VERY_CLOSE_2M,NEED_REVIEW,NEED_REVIEW,,,#f59e0b,alert,POINT(530057 391038)
51018de5-685f-44bd-9fce-1049cdc3c103,e60088e9-cf94-4e41-ae65-a5390866b4b8,infra.huilerie,212,El Ibrahimi,HUILERIE,7807374e-ce08-4659-9f48-f8df7e7af196,El Ibrahimi,infra.huilerie_inventaire_pollution,0.17,0.740,VERY_CLOSE_2M,NEED_REVIEW,NEED_REVIEW,,,#f59e0b,alert,POINT(495486 452889)
e62923a7-3d18-4ce0-94d1-c5ac4cf4a76c,e60088e9-cf94-4e41-ae65-a5390866b4b8,infra.huilerie,437,H.HAJ MOHAMED,HUILERIE,dff1e7ea-b1da-467c-ad9a-bc1b29523b37,H.HAJ MOHAMED,infra.huilerie_inventaire_pollution,0.17,0.740,VERY_CLOSE_2M,NEED_REVIEW,NEED_REVIEW,,,#f59e0b,alert,POINT(593842 356286)
e43316d5-312f-4f92-a3dc-b760095e24d8,e60088e9-cf94-4e41-ae65-a5390866b4b8,infra.huilerie,540,SOCIETE L'OLEASTRE,HUILERIE,43528815-00c1-48e7-934f-f290ae228672,SOCIETE L'OLEASTRE,infra.huilerie_inventaire_pollution,0.18,0.740,VERY_CLOSE_2M,NEED_REVIEW,NEED_REVIEW,,,#f59e0b,alert,POINT(484968 377315)
95c04cf2-6007-4ec3-934b-d85c6e61c2c5,e60088e9-cf94-4e41-ae65-a5390866b4b8,infra.huilerie,601,Lkhaydar Ahmed,HUILERIE,977726c6-86a4-42c8-8aea-07c6b2b46225,Lkhaydar Ahmed,infra.huilerie_inventaire_pollution,0.18,0.740,VERY_CLOSE_2M,NEED_REVIEW,NEED_REVIEW,,,#f59e0b,alert,POINT(502746 370070)
010e12e3-2be8-4fce-a840-bdebd2ab18f0,e60088e9-cf94-4e41-ae65-a5390866b4b8,infra.huilerie,221,Belhaj,HUILERIE,47d278c7-a72f-404e-922d-a8e653222cc9,Belhaj,infra.huilerie_inventaire_pollution,0.19,0.740,VERY_CLOSE_2M,NEED_REVIEW,NEED_REVIEW,,,#f59e0b,alert,POINT(487184 460212)
41bf78b4-65f4-4335-b094-b57964ea51f3,e60088e9-cf94-4e41-ae65-a5390866b4b8,infra.huilerie,460,H. SFAR,HUILERIE,51fe363c-cf35-4d8a-92f5-7e185bc84e44,H. SFAR,infra.huilerie_inventaire_pollution,0.20,0.740,VERY_CLOSE_2M,NEED_REVIEW,NEED_REVIEW,,,#f59e0b,alert,POINT(555889 358071)
4b620565-afe8-4ea4-b900-0326c4357f16,e60088e9-cf94-4e41-ae65-a5390866b4b8,infra.huilerie,447,H.MAMOUNIA,HUILERIE,fa9bbc64-700b-49b3-a59b-3de99c534bfc,H.MAMOUNIA,infra.huilerie_inventaire_pollution,0.21,0.740,VERY_CLOSE_2M,NEED_REVIEW,NEED_REVIEW,,,#f59e0b,alert,POINT(533034 364324)
77c14b27-8047-48bc-b5b3-73c8eee98745,e60088e9-cf94-4e41-ae65-a5390866b4b8,infra.huilerie,219,Zoumi,HUILERIE,e7668cf1-2a4f-4ead-adc1-9c1cf1ac1fdd,Zoumi,infra.huilerie_inventaire_pollution,0.22,0.740,VERY_CLOSE_2M,NEED_REVIEW,NEED_REVIEW,,,#f59e0b,alert,POINT(497840 460614)
f7bdccee-5bc9-410c-80a3-da342f9d3c35,e60088e9-cf94-4e41-ae65-a5390866b4b8,infra.huilerie,573,Ste SONEPRA,HUILERIE,3bbef397-dc02-4f96-b746-d176a93542f9,Ste SONEPRA,infra.huilerie_inventaire_pollution,0.22,0.740,VERY_CLOSE_2M,NEED_REVIEW,NEED_REVIEW,,,#f59e0b,alert,POINT(497709 391336)
eaa2067c-683b-4c53-ade3-b06e0e635c8e,e60088e9-cf94-4e41-ae65-a5390866b4b8,infra.huilerie,464,OUAKILI ABDESSAMAD,HUILERIE,a1b39b5f-072e-4573-8ebd-88068c7e683b,OUAKILI ABDESSAMAD,infra.huilerie_inventaire_pollution,0.23,0.740,VERY_CLOSE_2M,NEED_REVIEW,NEED_REVIEW,,,#f59e0b,alert,POINT(590545 363269)
490a6da5-1959-4caf-a08e-3db01d690823,e60088e9-cf94-4e41-ae65-a5390866b4b8,infra.huilerie,225,Ain Mandar,HUILERIE,a32a13ec-a661-4f4e-80b3-5d9da6289724,Ain Mandar,infra.huilerie_inventaire_pollution,0.24,0.740,VERY_CLOSE_2M,NEED_REVIEW,NEED_REVIEW,,,#f59e0b,alert,POINT(506114 454644)
dd22ee53-e8bd-4dd4-a341-bfbe65e2fa11,e60088e9-cf94-4e41-ae65-a5390866b4b8,infra.huilerie,211,Sni Messara,HUILERIE,ffc2fed2-9c0c-4ed5-bad1-702f61dc6bbb,Sni Messara,infra.huilerie_inventaire_pollution,0.25,0.740,VERY_CLOSE_2M,NEED_REVIEW,NEED_REVIEW,,,#f59e0b,alert,POINT(493380 452268)
e2748999-c4e6-4a5b-b496-126e3d288e76,e60088e9-cf94-4e41-ae65-a5390866b4b8,infra.huilerie,528,JAWHARAT ZOYOUT LEHGUI ,HUILERIE,9ddd198a-ad0b-4e12-a315-2ce5ae77d832,JAWHARAT ZOYOUT LEHGUI,infra.huilerie_inventaire_pollution,0.25,0.740,VERY_CLOSE_2M,NEED_REVIEW,NEED_REVIEW,,,#f59e0b,alert,POINT(511694 374119)
d3ee2bc2-53e9-4873-ad08-f2f1f63aaa57,e60088e9-cf94-4e41-ae65-a5390866b4b8,infra.huilerie,603,Boungab Abdessalam,HUILERIE,f4f6daa9-c2fd-49ad-b6f4-e07102a8c8e5,Boungab Abdessalam,infra.huilerie_inventaire_pollution,0.25,0.740,VERY_CLOSE_2M,NEED_REVIEW,NEED_REVIEW,,,#f59e0b,alert,POINT(502869 370088)
4be280aa-8b8e-481b-b132-e8b642293f19,e60088e9-cf94-4e41-ae65-a5390866b4b8,infra.huilerie,605,Huilerie Lalla Joumana,HUILERIE,b4e300b4-e545-4579-bd10-5ecc302cb9b1,Huilerie Lalla Joumana,infra.huilerie_inventaire_pollution,0.25,0.740,VERY_CLOSE_2M,NEED_REVIEW,NEED_REVIEW,,,#f59e0b,alert,POINT(495693 371124)
69118f7b-8443-426b-a262-c1812cc6e53a,e60088e9-cf94-4e41-ae65-a5390866b4b8,infra.decharge,111,el batma,DECHARGE,fe0b0c55-772b-4667-80e6-e67b5c4bd4c9,El Batma,infra.decharge_inventaire_pollution_general,0.28,0.740,VERY_CLOSE_2M,NEED_REVIEW,NEED_REVIEW,,,#f59e0b,alert,POINT(478538.72 461448.99)
0ab327c1-f577-48d5-8bd8-2f0f533ed9bd,e60088e9-cf94-4e41-ae65-a5390866b4b8,infra.huilerie,213,Alhalouiyine,HUILERIE,68c2ef39-af73-46ee-8e9f-60ed84a20838,Alhalouiyine,infra.huilerie_inventaire_pollution,0.28,0.740,VERY_CLOSE_2M,NEED_REVIEW,NEED_REVIEW,,,#f59e0b,alert,POINT(498379 451161)
c8cb722c-0261-457e-8f8e-b5d8bff59314,e60088e9-cf94-4e41-ae65-a5390866b4b8,infra.huilerie,469,BARAKA,HUILERIE,6eadca42-a17c-4bd5-b835-964129ade136,BARAKA,infra.huilerie_inventaire_pollution,0.28,0.740,VERY_CLOSE_2M,NEED_REVIEW,NEED_REVIEW,,,#f59e0b,alert,POINT(552397 357817)
f327361e-1913-4c9d-838d-9df0d1ed5703,e60088e9-cf94-4e41-ae65-a5390866b4b8,infra.huilerie,548,"H, BEN MOUSSA",HUILERIE,ef0693c9-198f-46b6-875f-d24e33d0329f,"H, BEN MOUSSA",infra.huilerie_inventaire_pollution,0.28,0.740,VERY_CLOSE_2M,NEED_REVIEW,NEED_REVIEW,,,#f59e0b,alert,POINT(488638 384208)
88ca8611-f60f-4bbe-be10-d11ac2701faf,e60088e9-cf94-4e41-ae65-a5390866b4b8,infra.huilerie,38,STE.HOLDING DE TRAITEMENT D'OLIVE,HUILERIE,2db962ed-b31c-47a9-acad-105cfdbaca12,STE.HOLDING DE TRAITEMENT D'OLIVE,infra.huilerie_inventaire_pollution,0.30,0.740,VERY_CLOSE_2M,NEED_REVIEW,NEED_REVIEW,,,#f59e0b,alert,POINT(500678 343691)
7855d6cc-0ecc-43f4-b6d7-05bb3d561359,e60088e9-cf94-4e41-ae65-a5390866b4b8,infra.huilerie,196,Ste Huile d'olive des produits de terroir,HUILERIE,b566ee6e-7401-414f-8c67-fb5781dd0d81,Ste Huile d'olive des produits de terroir,infra.huilerie_inventaire_pollution,0.31,0.740,VERY_CLOSE_2M,NEED_REVIEW,NEED_REVIEW,,,#f59e0b,alert,POINT(486764 461952)
2f678fdd-3d3f-44bd-9701-f435248584eb,e60088e9-cf94-4e41-ae65-a5390866b4b8,infra.huilerie,61,FATTAH ABDELLKADAR,HUILERIE,4e1d779c-3b2e-419d-9d53-ff213c02adc0,FATTAH ABDELLKADAR,infra.huilerie_inventaire_pollution,0.31,0.740,VERY_CLOSE_2M,NEED_REVIEW,NEED_REVIEW,,,#f59e0b,alert,POINT(474184 346708)
5e9cb9c7-2df3-4f97-9a75-a65ce1e215ab,e60088e9-cf94-4e41-ae65-a5390866b4b8,infra.decharge,37,décharge elmers,DECHARGE,ff39b5a5-88a3-4b1f-a328-7639a89b8332,Décharge Elmers,infra.decharge_inventaire_pollution_general,0.32,0.740,VERY_CLOSE_2M,NEED_REVIEW,NEED_REVIEW,,,#f59e0b,alert,POINT(587704.96 317673.32)
756eb62a-38bd-4ea1-81c3-25faaf735173,e60088e9-cf94-4e41-ae65-a5390866b4b8,infra.huilerie,198,Huillerie Bachir,HUILERIE,97cbe82f-6fce-4cd0-996e-8f6f4d959249,Huillerie Bachir,infra.huilerie_inventaire_pollution,0.33,0.740,VERY_CLOSE_2M,NEED_REVIEW,NEED_REVIEW,,,#f59e0b,alert,POINT(486369 464928)
9146843f-0c2c-4e06-a952-44a216535762,e60088e9-cf94-4e41-ae65-a5390866b4b8,infra.decharge,140,sahel belfal,DECHARGE,ec71d9fa-0888-4dbb-a32b-e95db08c2205,Sahel Belfal,infra.decharge_inventaire_pollution_general,0.34,0.740,VERY_CLOSE_2M,NEED_REVIEW,NEED_REVIEW,,,#f59e0b,alert,POINT(445531.03 407176.66)
e36c907f-dfdf-41d0-a992-720a17bdf9f5,e60088e9-cf94-4e41-ae65-a5390866b4b8,infra.decharge,141,sahel belfal,DECHARGE,ec71d9fa-0888-4dbb-a32b-e95db08c2205,Sahel Belfal,infra.decharge_inventaire_pollution_general,0.34,0.740,VERY_CLOSE_2M,NEED_REVIEW,NEED_REVIEW,,,#f59e0b,alert,POINT(445531.03 407176.66)
17089cf7-7789-4f61-a81b-9d8eeeb171fb,e60088e9-cf94-4e41-ae65-a5390866b4b8,infra.decharge,142,sahel belfal,DECHARGE,ec71d9fa-0888-4dbb-a32b-e95db08c2205,Sahel Belfal,infra.decharge_inventaire_pollution_general,0.34,0.740,VERY_CLOSE_2M,NEED_REVIEW,NEED_REVIEW,,,#f59e0b,alert,POINT(445531.03 407176.66)
b413ecaa-7d70-4f27-8d32-0a711113465d,e60088e9-cf94-4e41-ae65-a5390866b4b8,infra.decharge,143,sahel belfal,DECHARGE,ec71d9fa-0888-4dbb-a32b-e95db08c2205,Sahel Belfal,infra.decharge_inventaire_pollution_general,0.34,0.740,VERY_CLOSE_2M,NEED_REVIEW,NEED_REVIEW,,,#f59e0b,alert,POINT(445531.03 407176.66)
ad638bdd-312c-47cd-8afb-ac6f61935f6b,e60088e9-cf94-4e41-ae65-a5390866b4b8,infra.decharge,146,sahel belfal,DECHARGE,ec71d9fa-0888-4dbb-a32b-e95db08c2205,Sahel Belfal,infra.decharge_inventaire_pollution_general,0.34,0.740,VERY_CLOSE_2M,NEED_REVIEW,NEED_REVIEW,,,#f59e0b,alert,POINT(445531.03 407176.66)
2ad827a9-6301-463f-947e-36546861cc0e,e60088e9-cf94-4e41-ae65-a5390866b4b8,infra.decharge,147,sahel belfal,DECHARGE,ec71d9fa-0888-4dbb-a32b-e95db08c2205,Sahel Belfal,infra.decharge_inventaire_pollution_general,0.34,0.740,VERY_CLOSE_2M,NEED_REVIEW,NEED_REVIEW,,,#f59e0b,alert,POINT(445531.03 407176.66)
37f7fd9a-ad49-46bb-a160-2f6748a150b0,e60088e9-cf94-4e41-ae65-a5390866b4b8,infra.decharge,148,sahel belfal,DECHARGE,ec71d9fa-0888-4dbb-a32b-e95db08c2205,Sahel Belfal,infra.decharge_inventaire_pollution_general,0.34,0.740,VERY_CLOSE_2M,NEED_REVIEW,NEED_REVIEW,,,#f59e0b,alert,POINT(445531.03 407176.66)
e41aa469-e9df-4e4b-9f00-01dfb6aa6632,e60088e9-cf94-4e41-ae65-a5390866b4b8,infra.decharge,149,sahel belfal,DECHARGE,ec71d9fa-0888-4dbb-a32b-e95db08c2205,Sahel Belfal,infra.decharge_inventaire_pollution_general,0.34,0.740,VERY_CLOSE_2M,NEED_REVIEW,NEED_REVIEW,,,#f59e0b,alert,POINT(445531.03 407176.66)
de0dd92e-0ccd-4e5b-8bcf-e61b86699a20,e60088e9-cf94-4e41-ae65-a5390866b4b8,infra.huilerie,30,H.HAJ MIMOUN CHACHOU,HUILERIE,1fc57149-4b5d-48ff-9ca3-c7b2b7065b37,H.HAJ MIMOUN CHACHOU,infra.huilerie_inventaire_pollution,0.34,0.740,VERY_CLOSE_2M,NEED_REVIEW,NEED_REVIEW,,,#f59e0b,alert,POINT(502960 357148)
e19be4d1-01d3-421c-b80e-f1d3cb1716fb,e60088e9-cf94-4e41-ae65-a5390866b4b8,infra.huilerie,36,STE.MABROUKA CHAYMA(ADBAR),HUILERIE,b39a1804-d79a-4101-afe1-91c5ada4d78b,STE.MABROUKA CHAYMA(ADBAR),infra.huilerie_inventaire_pollution,0.34,0.740,VERY_CLOSE_2M,NEED_REVIEW,NEED_REVIEW,,,#f59e0b,alert,POINT(471089 353837)
1688cb08-2828-43c8-bb97-d914cbae2380,e60088e9-cf94-4e41-ae65-a5390866b4b8,infra.huilerie,57,H.LAGNAOUI HMED,HUILERIE,3b640b2f-a3c9-4809-88ad-25f569c45654,H.LAGNAOUI HMED,infra.huilerie_inventaire_pollution,0.34,0.740,VERY_CLOSE_2M,NEED_REVIEW,NEED_REVIEW,,,#f59e0b,alert,POINT(517949 372323)
759bd20e-5925-4f3d-abf5-cd1f2cd8d39e,e60088e9-cf94-4e41-ae65-a5390866b4b8,infra.huilerie,606,Hamid Amarouch,HUILERIE,b4867e26-fbf7-4d00-b207-6a97f0fccfbd,Hamid Amarouch,infra.huilerie_inventaire_pollution,0.35,0.740,VERY_CLOSE_2M,NEED_REVIEW,NEED_REVIEW,,,#f59e0b,alert,POINT(497325 370211)
0916867e-e5cb-44f0-900f-f3736e03ca65,e60088e9-cf94-4e41-ae65-a5390866b4b8,infra.huilerie,436,Non-connue 5,HUILERIE,dcef388d-628f-46fe-b796-7223e7afc3a6,Non-connue 5,infra.huilerie_inventaire_pollution,0.36,0.740,VERY_CLOSE_2M,NEED_REVIEW,NEED_REVIEW,,,#f59e0b,alert,POINT(594112 357297)
0d0647f1-41ba-4fc2-82c9-3625dd792d8f,e60088e9-cf94-4e41-ae65-a5390866b4b8,infra.huilerie,445,H.ABDELKADAR TAZI,HUILERIE,3846efc6-583b-438d-8021-abfb588b7bd4,H.ABDELKADAR TAZI,infra.huilerie_inventaire_pollution,0.36,0.740,VERY_CLOSE_2M,NEED_REVIEW,NEED_REVIEW,,,#f59e0b,alert,POINT(527801 360706)
8ee85237-88b5-4a4e-b0ef-0a8df1612fad,e60088e9-cf94-4e41-ae65-a5390866b4b8,infra.mine,32,STE RIHAM IKHWANE,MINE,0526c8b7-1da2-4e96-b606-ea3f849a6ae2,STE RIHAM IKHWANE,infra.mine_inventaire_pollution,0.36,0.740,VERY_CLOSE_2M,NEED_REVIEW,NEED_REVIEW,,,#f59e0b,alert,POINT(511044 388316)
84d702c4-7627-4fb2-a00a-1e99d851cddd,e60088e9-cf94-4e41-ae65-a5390866b4b8,infra.mine,33,STE RIHAM IKHWANE,MINE,05a9236d-74e8-40a0-8370-7f69d42cd18b,STE RIHAM IKHWANE,infra.mine_inventaire_pollution,0.36,0.740,VERY_CLOSE_2M,NEED_REVIEW,NEED_REVIEW,,,#f59e0b,alert,POINT(511294 388316)
130663c9-ed66-44b7-b620-61a889d43542,e60088e9-cf94-4e41-ae65-a5390866b4b8,infra.mine,17,,MINE,53d41cac-403b-486a-a01f-03d44d66cdbb,343189.00000000000,infra.mine_inventaire_pollution,0.36,0.540,VERY_CLOSE_2M,NEED_REVIEW,NEED_REVIEW,,,#f59e0b,alert,POINT(443750 355201)
5aace782-f5cf-42b2-98a9-7a2a73c8fc5b,e60088e9-cf94-4e41-ae65-a5390866b4b8,infra.mine,30,STE MINIERE BOUHRAMAT,MINE,e15b32d2-4243-4c36-8077-9ee51977a10c,STE MINIERE BOUHRAMAT,infra.mine_inventaire_pollution,0.37,0.740,VERY_CLOSE_2M,NEED_REVIEW,NEED_REVIEW,,,#f59e0b,alert,POINT(525941 393063)
2c289eec-ca06-4dc7-8e71-3f664a88c547,e60088e9-cf94-4e41-ae65-a5390866b4b8,infra.decharge,84,décharge publique,DECHARGE,bf242e6e-fe86-4070-9a2c-aa93c892e923,Décharge Publique,infra.decharge_inventaire_pollution_general,0.38,0.740,VERY_CLOSE_2M,NEED_REVIEW,NEED_REVIEW,,,#f59e0b,alert,POINT(494617.83 454118.66)
b48c7205-c839-4308-83d9-53f0c0dbd8c5,e60088e9-cf94-4e41-ae65-a5390866b4b8,infra.huilerie,216,Elhaj Ali,HUILERIE,0968b682-9ed5-48cb-b2b8-4f54fab326b1,Elhaj Ali,infra.huilerie_inventaire_pollution,0.38,0.740,VERY_CLOSE_2M,NEED_REVIEW,NEED_REVIEW,,,#f59e0b,alert,POINT(496753 458523)
b15ca81e-8627-4fc7-ac3b-60c994d0670b,e60088e9-cf94-4e41-ae65-a5390866b4b8,infra.huilerie,230,Smimih,HUILERIE,8c1046e5-0cf9-4ccf-ab17-320bcc6472ae,Smimih,infra.huilerie_inventaire_pollution,0.38,0.740,VERY_CLOSE_2M,NEED_REVIEW,NEED_REVIEW,,,#f59e0b,alert,POINT(502067 465078)
98304b87-4ba8-4879-a4d5-84470feb7e48,e60088e9-cf94-4e41-ae65-a5390866b4b8,infra.huilerie,441,STE.OLIVIER NORD,HUILERIE,a79614df-4685-4116-9a2f-3541dc522632,STE.OLIVIER NORD,infra.huilerie_inventaire_pollution,0.38,0.740,VERY_CLOSE_2M,NEED_REVIEW,NEED_REVIEW,,,#f59e0b,alert,POINT(580549 357189)
2c13ceaf-c1cb-4785-96e0-a385f364a452,e60088e9-cf94-4e41-ae65-a5390866b4b8,infra.huilerie,468,REGRAGI BRAHIM,HUILERIE,253f6050-1375-4817-860a-ccdf2b409e9a,REGRAGI BRAHIM,infra.huilerie_inventaire_pollution,0.38,0.740,VERY_CLOSE_2M,NEED_REVIEW,NEED_REVIEW,,,#f59e0b,alert,POINT(552545 357595)
a228bcaf-e760-4d7a-b365-2aa2368ca5fe,e60088e9-cf94-4e41-ae65-a5390866b4b8,infra.mine,36,STE UNION D'EXPLOITATION DESMINES ET CARRIERES,MINE,6934f0c0-40a6-4fd0-9877-39cceeb7244d,STE UNION D'EXPLOITATION DESMINES ET CARRIERES,infra.mine_inventaire_pollution,0.38,0.740,VERY_CLOSE_2M,NEED_REVIEW,NEED_REVIEW,,,#f59e0b,alert,POINT(496623 337128)
5cef3c97-461a-4311-b48d-5be4d8873d56,e60088e9-cf94-4e41-ae65-a5390866b4b8,infra.mine,37,ONHYM,MINE,9bdd4dd1-962d-4375-a9a4-4b6f243d6f04,ONHYM,infra.mine_inventaire_pollution,0.38,0.740,VERY_CLOSE_2M,NEED_REVIEW,NEED_REVIEW,,,#f59e0b,alert,POINT(488791 381875)
5c35ff53-894a-47ff-b156-bc833d363ea9,e60088e9-cf94-4e41-ae65-a5390866b4b8,infra.mine,38,ONHYM,MINE,67ff88a9-1e1a-4193-a3ec-caccd9ee12a3,ONHYM,infra.mine_inventaire_pollution,0.38,0.740,VERY_CLOSE_2M,NEED_REVIEW,NEED_REVIEW,,,#f59e0b,alert,POINT(485541 379625)
435a36d6-aa64-4621-9e05-892e94d32055,e60088e9-cf94-4e41-ae65-a5390866b4b8,infra.huilerie,119,GIE LAMTA FES,HUILERIE,0dbae4c5-76f7-43a2-b9fe-fb0350f290de,GIE LAMTA FES,infra.huilerie_inventaire_pollution,0.39,0.740,VERY_CLOSE_2M,NEED_REVIEW,NEED_REVIEW,,,#f59e0b,alert,POINT(534429 393873)
ab0bd472-407a-40b4-be1c-6fa3dc05f74a,e60088e9-cf94-4e41-ae65-a5390866b4b8,infra.huilerie,199,Al Mansoura,HUILERIE,8b59aa7e-5153-4fc1-b661-58cdd3b9cd00,Al Mansoura,infra.huilerie_inventaire_pollution,0.39,0.740,VERY_CLOSE_2M,NEED_REVIEW,NEED_REVIEW,,,#f59e0b,alert,POINT(489321 463070)
24abe0ae-0e57-4729-bf69-657f20fd7549,e60088e9-cf94-4e41-ae65-a5390866b4b8,infra.huilerie,205,Benslimane,HUILERIE,b4f2f52a-b9ca-476f-bef9-8bdbc13a52b1,Benslimane,infra.huilerie_inventaire_pollution,0.39,0.740,VERY_CLOSE_2M,NEED_REVIEW,NEED_REVIEW,,,#f59e0b,alert,POINT(471013 465476)
6e764d8a-e9f5-42a3-a553-29e88300130f,e60088e9-cf94-4e41-ae65-a5390866b4b8,infra.huilerie,223,Elkhawda,HUILERIE,212266b9-dd64-42f9-9afd-f5f752eb350f,Elkhawda,infra.huilerie_inventaire_pollution,0.39,0.740,VERY_CLOSE_2M,NEED_REVIEW,NEED_REVIEW,,,#f59e0b,alert,POINT(469915 464903)
6170593f-bce4-43d9-92df-a426df1236e3,e60088e9-cf94-4e41-ae65-a5390866b4b8,infra.huilerie,224,Masmouda Alaasria,HUILERIE,6c2ebbd5-56d1-4cbf-bd1c-e5934ab34667,Masmouda Alaasria,infra.huilerie_inventaire_pollution,0.39,0.740,VERY_CLOSE_2M,NEED_REVIEW,NEED_REVIEW,,,#f59e0b,alert,POINT(471370 459527)
9a176eaa-e22d-4540-875e-862ac56b51b0,e60088e9-cf94-4e41-ae65-a5390866b4b8,infra.huilerie,111,H.BOUAYAD,HUILERIE,9adb4369-be51-4eb6-8ef7-54ddf94d71a4,H.BOUAYAD,infra.huilerie_inventaire_pollution,0.40,0.740,VERY_CLOSE_2M,NEED_REVIEW,NEED_REVIEW,,,#f59e0b,alert,POINT(520040 382983)
005fd869-f709-4a15-ba26-5d20783173a5,e60088e9-cf94-4e41-ae65-a5390866b4b8,infra.huilerie,113,COOPERATIVE JOUIRA,HUILERIE,5aef0d5b-20c8-4cd4-887a-adfe69672030,COOPERATIVE JOUIRA,infra.huilerie_inventaire_pollution,0.40,0.740,VERY_CLOSE_2M,NEED_REVIEW,NEED_REVIEW,,,#f59e0b,alert,POINT(527016 400627)
16a9a4de-af69-4abe-b919-153509c145ca,e60088e9-cf94-4e41-ae65-a5390866b4b8,infra.huilerie,200,Bassatine Ouezzane,HUILERIE,e0438218-ea95-408a-99fe-d7b8a7ab0da9,Bassatine Ouezzane,infra.huilerie_inventaire_pollution,0.40,0.740,VERY_CLOSE_2M,NEED_REVIEW,NEED_REVIEW,,,#f59e0b,alert,POINT(488268 459601)
98fdd733-35e9-4be7-8c85-56cb238f55c4,e60088e9-cf94-4e41-ae65-a5390866b4b8,infra.huilerie,204,Al Masmoudia,HUILERIE,3b05cc77-ffbf-4731-8e7a-d6fc4c218480,Al Masmoudia,infra.huilerie_inventaire_pollution,0.40,0.740,VERY_CLOSE_2M,NEED_REVIEW,NEED_REVIEW,,,#f59e0b,alert,POINT(467919 465478)
27a7fd39-d495-48d6-b9e3-0c491698ef44,e60088e9-cf94-4e41-ae65-a5390866b4b8,infra.huilerie,32,H.AL FADLE,HUILERIE,10779ec2-5b0c-45f3-9363-4c4b99235756,H.AL FADLE,infra.huilerie_inventaire_pollution,0.40,0.740,VERY_CLOSE_2M,NEED_REVIEW,NEED_REVIEW,,,#f59e0b,alert,POINT(512361 374364)
e724dc8b-bca7-43fc-b49b-563af838a394,e60088e9-cf94-4e41-ae65-a5390866b4b8,infra.decharge,16,mayzal,DECHARGE,a4f2a302-0b7a-48fa-8eb8-1e982dc36da4,Mayzal,infra.decharge_inventaire_pollution_general,0.41,0.740,VERY_CLOSE_2M,NEED_REVIEW,NEED_REVIEW,,,#f59e0b,alert,POINT(579146.15 328603.62)
bfab05de-1b95-4139-b629-6e98acb3e04b,e60088e9-cf94-4e41-ae65-a5390866b4b8,infra.huilerie,215,Elkharouba,HUILERIE,34b247ac-a646-4802-bdab-3ee250b7d2e6,Elkharouba,infra.huilerie_inventaire_pollution,0.41,0.740,VERY_CLOSE_2M,NEED_REVIEW,NEED_REVIEW,,,#f59e0b,alert,POINT(496617 458435)
fc91941f-ff62-4c38-886e-706255f1cd2c,e60088e9-cf94-4e41-ae65-a5390866b4b8,infra.huilerie,521,H.HAJ LKHAYAT,HUILERIE,34e51ba1-4e4c-486f-876f-c8668884806b,H.HAJ LKHAYAT,infra.huilerie_inventaire_pollution,0.41,0.740,VERY_CLOSE_2M,NEED_REVIEW,NEED_REVIEW,,,#f59e0b,alert,POINT(510898 375831)
5e42ee07-d242-46cc-b1ad-6d3fc206d79a,e60088e9-cf94-4e41-ae65-a5390866b4b8,infra.huilerie,136,H.OULAD NAJAT,HUILERIE,a18f02aa-e75b-4bce-8d72-4099ce869c76,H.OULAD NAJAT,infra.huilerie_inventaire_pollution,0.42,0.740,VERY_CLOSE_2M,NEED_REVIEW,NEED_REVIEW,,,#f59e0b,alert,POINT(519864 380655)
b89973fd-0b05-49ec-8674-edfdbdf53d49,e60088e9-cf94-4e41-ae65-a5390866b4b8,infra.huilerie,195,Al Marinyenne,HUILERIE,1b5268eb-280e-403a-9bb4-efab7e6e78e1,Al Marinyenne,infra.huilerie_inventaire_pollution,0.42,0.740,VERY_CLOSE_2M,NEED_REVIEW,NEED_REVIEW,,,#f59e0b,alert,POINT(491061 458544)
32629fd9-62e6-4b0f-907c-68d6aaa54f44,e60088e9-cf94-4e41-ae65-a5390866b4b8,infra.decharge,14,,DECHARGE,38f7c930-8351-4b4e-9adc-b4c99b38ebe7,ATM-DECH,infra.decharge_inventaire_pollution_general,0.42,0.540,VERY_CLOSE_2M,NEED_REVIEW,NEED_REVIEW,,,#f59e0b,alert,POINT(464268.99 353702.42)
7cede2df-f49f-4ddd-8de1-98326b7083c3,e60088e9-cf94-4e41-ae65-a5390866b4b8,infra.huilerie,115,H.EL BARAKA,HUILERIE,c208302b-bb68-4132-be07-51133a875b7e,H.EL BARAKA,infra.huilerie_inventaire_pollution,0.43,0.740,VERY_CLOSE_2M,NEED_REVIEW,NEED_REVIEW,,,#f59e0b,alert,POINT(525611 400914)
518d17c4-c8ab-40ad-acea-753fc66c0c77,e60088e9-cf94-4e41-ae65-a5390866b4b8,infra.huilerie,121,COOPERATIVE HUILERIE BIR DJAJ,HUILERIE,b4fb5777-81cd-4af7-aebe-998f3c7cfacf,COOPERATIVE HUILERIE BIR DJAJ,infra.huilerie_inventaire_pollution,0.43,0.740,VERY_CLOSE_2M,NEED_REVIEW,NEED_REVIEW,,,#f59e0b,alert,POINT(522177 396959)
65b4d27c-a35b-4805-84e9-89b09fead53a,e60088e9-cf94-4e41-ae65-a5390866b4b8,infra.huilerie,194,GIE Jnane Ouazzane,HUILERIE,5b446acd-31a4-4609-8106-b5bc0f88bbd1,GIE Jnane Ouazzane,infra.huilerie_inventaire_pollution,0.43,0.740,VERY_CLOSE_2M,NEED_REVIEW,NEED_REVIEW,,,#f59e0b,alert,POINT(485757 456200)
d92aa0e5-226f-4725-a411-371a7bad22fb,e60088e9-cf94-4e41-ae65-a5390866b4b8,infra.huilerie,202,Huillerie Beni Kaoulech,HUILERIE,5063f2b0-2c77-417e-96c4-813b4ed6edfc,Huillerie Beni Kaoulech,infra.huilerie_inventaire_pollution,0.43,0.740,VERY_CLOSE_2M,NEED_REVIEW,NEED_REVIEW,,,#f59e0b,alert,POINT(518802 464782)
bb320a81-378a-4558-98c8-d4cb3ccea775,e60088e9-cf94-4e41-ae65-a5390866b4b8,infra.mine,34,HAMADA MINERALS,MINE,3c07866d-d4d8-4278-a85d-9bf043e99bff,HAMADA MINERALS,infra.mine_inventaire_pollution,0.43,0.740,VERY_CLOSE_2M,NEED_REVIEW,NEED_REVIEW,,,#f59e0b,alert,POINT(464122 320055)
21deb7e5-b4a7-48de-936f-b6f4f714f07b,e60088e9-cf94-4e41-ae65-a5390866b4b8,infra.mine,35,société OUZAID MINE,MINE,0d14cb69-bd63-4250-a713-81a95239c592,société OUZAID MINE,infra.mine_inventaire_pollution,0.43,0.740,VERY_CLOSE_2M,NEED_REVIEW,NEED_REVIEW,,,#f59e0b,alert,POINT(473272 317155)
cc67a894-282f-41af-9097-b3a50e801804,e60088e9-cf94-4e41-ae65-a5390866b4b8,infra.huilerie,210,Sidi Bousber,HUILERIE,efd38c21-4d78-4771-a63b-0854015b6503,Sidi Bousber,infra.huilerie_inventaire_pollution,0.44,0.740,VERY_CLOSE_2M,NEED_REVIEW,NEED_REVIEW,,,#f59e0b,alert,POINT(504425 438668)
06658f15-9d71-464d-bed3-90fd94a743d8,e60088e9-cf94-4e41-ae65-a5390866b4b8,infra.huilerie,217,Huillerie Lhaj Azouz,HUILERIE,e1c9c773-efed-46f9-be40-b3b96d284713,Huillerie Lhaj Azouz,infra.huilerie_inventaire_pollution,0.44,0.740,VERY_CLOSE_2M,NEED_REVIEW,NEED_REVIEW,,,#f59e0b,alert,POINT(503390 465614)
abe82718-51a1-4037-9bca-29d7c83b1f30,e60088e9-cf94-4e41-ae65-a5390866b4b8,infra.huilerie,64,Les huileries de Saiss,HUILERIE,6dfc9a71-4a64-438c-8dea-25c0bb4b9271,Les huileries de Saiss,infra.huilerie_inventaire_pollution,0.44,0.740,VERY_CLOSE_2M,NEED_REVIEW,NEED_REVIEW,,,#f59e0b,alert,POINT(515183 371517)
bf0cf794-4a08-462c-9674-75c1f640f011,e60088e9-cf94-4e41-ae65-a5390866b4b8,infra.decharge,11,décharge inzalt boulemane,DECHARGE,276ae862-9501-41ec-8a73-c0c112abd909,Décharge Inzalt Boulemane,infra.decharge_inventaire_pollution_general,0.45,0.740,VERY_CLOSE_2M,NEED_REVIEW,NEED_REVIEW,,,#f59e0b,alert,POINT(562912.2 312432.6)
476f77a8-be3e-49d9-b291-5fbff4a9f2d5,e60088e9-cf94-4e41-ae65-a5390866b4b8,infra.huilerie,541,H.VOLUBILIS S.A.R.L,HUILERIE,fafa5783-8785-4a3d-8372-f19cdc72a4d1,H.VOLUBILIS S.A.R.L,infra.huilerie_inventaire_pollution,0.45,0.740,VERY_CLOSE_2M,NEED_REVIEW,NEED_REVIEW,,,#f59e0b,alert,POINT(484873 375959)
7e5c8b6b-ec7c-4a29-a5fe-7d30f670e7c2,e60088e9-cf94-4e41-ae65-a5390866b4b8,infra.huilerie,112,H.AIN SANIA,HUILERIE,ff9f454a-c0be-442d-b8db-22c5da5b642c,H.AIN SANIA,infra.huilerie_inventaire_pollution,0.46,0.740,VERY_CLOSE_2M,NEED_REVIEW,NEED_REVIEW,,,#f59e0b,alert,POINT(537170 390467)
4135a285-aa1f-4fc3-a684-276f17c4b687,e60088e9-cf94-4e41-ae65-a5390866b4b8,infra.huilerie,197,Zeit Jbala,HUILERIE,e1cbf4f2-84f9-470b-a191-5a0c2a01c7e3,Zeit Jbala,infra.huilerie_inventaire_pollution,0.46,0.740,VERY_CLOSE_2M,NEED_REVIEW,NEED_REVIEW,,,#f59e0b,alert,POINT(486533 464377)
7774aaf4-9615-4624-bf19-171c43d1b441,e60088e9-cf94-4e41-ae65-a5390866b4b8,infra.huilerie,209,Ste Hawd,HUILERIE,a377460c-b728-48d8-b067-b893fd8ebc85,Ste Hawd,infra.huilerie_inventaire_pollution,0.46,0.740,VERY_CLOSE_2M,NEED_REVIEW,NEED_REVIEW,,,#f59e0b,alert,POINT(504372 438760)
32bedec0-6f26-4ac9-b900-27afc322759d,e60088e9-cf94-4e41-ae65-a5390866b4b8,infra.huilerie,226,Elaasmi,HUILERIE,a2fca49b-069d-4475-9c8d-e0df04402607,Elaasmi,infra.huilerie_inventaire_pollution,0.46,0.740,VERY_CLOSE_2M,NEED_REVIEW,NEED_REVIEW,,,#f59e0b,alert,POINT(473475 460862)
7cafd824-325c-48cb-a27d-f324edd82d64,e60088e9-cf94-4e41-ae65-a5390866b4b8,infra.huilerie,37,H.BRAHIM ZNIBAR,HUILERIE,1cdb97c4-2e83-44ee-af52-05eb07008047,H.BRAHIM ZNIBAR,infra.huilerie_inventaire_pollution,0.46,0.740,VERY_CLOSE_2M,NEED_REVIEW,NEED_REVIEW,,,#f59e0b,alert,POINT(503164 354100)
6376b812-91dd-4730-8c73-dc14ef3b7f99,e60088e9-cf94-4e41-ae65-a5390866b4b8,infra.huilerie,432,Non-connue 4,HUILERIE,95e27c80-297e-4e0c-8079-66b9d3f3c7a7,Non-connue 4,infra.huilerie_inventaire_pollution,0.46,0.740,VERY_CLOSE_2M,NEED_REVIEW,NEED_REVIEW,,,#f59e0b,alert,POINT(590492 363357)
9d04b1d4-d63d-4389-b9dd-f806ab8d3455,e60088e9-cf94-4e41-ae65-a5390866b4b8,infra.decharge,15,décharge serghina,DECHARGE,3334e12e-dbb8-43d7-a6de-881dde8e7302,Décharge Serghina,infra.decharge_inventaire_pollution_general,0.47,0.740,VERY_CLOSE_2M,NEED_REVIEW,NEED_REVIEW,,,#f59e0b,alert,POINT(595821.59 305750.78)
36f72252-1702-4268-839a-7150b28e6823,e60088e9-cf94-4e41-ae65-a5390866b4b8,infra.decharge,85,décharge zoumi,DECHARGE,98538950-7d92-443c-9445-6627c69b0ad1,Décharge zoumi,infra.decharge_inventaire_pollution_general,0.47,0.740,VERY_CLOSE_2M,NEED_REVIEW,NEED_REVIEW,,,#f59e0b,alert,POINT(506192.22 466032.42)
80acb33a-57b4-486c-9ef5-f31d4a24b028,e60088e9-cf94-4e41-ae65-a5390866b4b8,infra.huilerie,536,H.lalla joumana,HUILERIE,71370851-16ec-4862-b6fa-27cf12ebf194,H.lalla joumana,infra.huilerie_inventaire_pollution,0.47,0.740,VERY_CLOSE_2M,NEED_REVIEW,NEED_REVIEW,,,#f59e0b,alert,POINT(495703 371117)
9696b461-4693-4e3a-9895-aecc7ef095f5,e60088e9-cf94-4e41-ae65-a5390866b4b8,infra.huilerie,592,Zemouri huilerie,HUILERIE,3227e0cc-9633-442c-a682-9aa1e6b09e8c,Zemouri huilerie,infra.huilerie_inventaire_pollution,0.47,0.740,VERY_CLOSE_2M,NEED_REVIEW,NEED_REVIEW,,,#f59e0b,alert,POINT(512484 374635)
29569931-5196-4573-8ab6-2832158fe9aa,e60088e9-cf94-4e41-ae65-a5390866b4b8,infra.huilerie,214,AJAMS,HUILERIE,7a7caa89-c98d-4acb-b6c5-462ef66a0895,AJAMS,infra.huilerie_inventaire_pollution,0.48,0.740,VERY_CLOSE_2M,NEED_REVIEW,NEED_REVIEW,,,#f59e0b,alert,POINT(498938 455748)
71e7b46f-2ffb-4ed2-969a-8a0446822baf,e60088e9-cf94-4e41-ae65-a5390866b4b8,infra.huilerie,220,Huillerie Zoyoute Janat,HUILERIE,0724cbcf-c126-4091-a17e-03aca72364f5,Huillerie Zoyoute Janat,infra.huilerie_inventaire_pollution,0.48,0.740,VERY_CLOSE_2M,NEED_REVIEW,NEED_REVIEW,,,#f59e0b,alert,POINT(511691 462322)
502c06b1-a536-4ada-84bd-486ef3db8e80,e60088e9-cf94-4e41-ae65-a5390866b4b8,infra.huilerie,229,Erradouania,HUILERIE,1198a38f-e288-47ed-8ad3-786f65467676,Erradouania,infra.huilerie_inventaire_pollution,0.48,0.740,VERY_CLOSE_2M,NEED_REVIEW,NEED_REVIEW,,,#f59e0b,alert,POINT(494987 454790)
7fa69395-088c-4b97-b4c9-1695a5159d26,e60088e9-cf94-4e41-ae65-a5390866b4b8,infra.huilerie,231,Huillerie Boudroua,HUILERIE,5215cb91-8545-4006-be93-92d830a7625a,Huillerie Boudroua,infra.huilerie_inventaire_pollution,0.48,0.740,VERY_CLOSE_2M,NEED_REVIEW,NEED_REVIEW,,,#f59e0b,alert,POINT(486463 464867)
bb63abd4-43e3-45d6-83b2-88a8c0156ef2,e60088e9-cf94-4e41-ae65-a5390866b4b8,infra.huilerie,35,H.NACHATE,HUILERIE,9670b40b-2291-463b-a96b-e71f352d2fd0,H.NACHATE,infra.huilerie_inventaire_pollution,0.48,0.740,VERY_CLOSE_2M,NEED_REVIEW,NEED_REVIEW,,,#f59e0b,alert,POINT(511777 364651)
1bc8251a-3819-4203-abf1-59360f1730fe,e60088e9-cf94-4e41-ae65-a5390866b4b8,infra.huilerie,58,SOCIETE HSBC,HUILERIE,e93aae6f-f7cf-4980-b997-026fc9b0b3de,SOCIETE HSBC,infra.huilerie_inventaire_pollution,0.48,0.740,VERY_CLOSE_2M,NEED_REVIEW,NEED_REVIEW,,,#f59e0b,alert,POINT(516433 372510)
3348823c-1460-4859-87aa-a8e6e369d9d0,e60088e9-cf94-4e41-ae65-a5390866b4b8,infra.huilerie,604,Fakir Bouchta,HUILERIE,73a8443c-2e8e-481e-8d0d-d20f70261f70,Fakir Bouchta,infra.huilerie_inventaire_pollution,0.48,0.740,VERY_CLOSE_2M,NEED_REVIEW,NEED_REVIEW,,,#f59e0b,alert,POINT(495482 370669)
71180663-fe40-44bc-bf12-2a8082d878db,e60088e9-cf94-4e41-ae65-a5390866b4b8,infra.huilerie,218,Elchatbyenne,HUILERIE,62b7db1c-0a09-4f3c-b51d-6eeabe385a88,Elchatbyenne,infra.huilerie_inventaire_pollution,0.49,0.740,VERY_CLOSE_2M,NEED_REVIEW,NEED_REVIEW,,,#f59e0b,alert,POINT(497736 460111)
3baa8050-6cfa-4e70-9019-7fa0113fa880,e60088e9-cf94-4e41-ae65-a5390866b4b8,infra.huilerie,25,H.ZAYTOUNA,HUILERIE,8a7aa555-8128-4a64-b281-defa41b6a10d,H.ZAYTOUNA,infra.huilerie_inventaire_pollution,0.50,0.740,VERY_CLOSE_2M,NEED_REVIEW,NEED_REVIEW,,,#f59e0b,alert,POINT(476254 339437)
6a76a6c1-3214-4352-ad81-c3f5f29205ef,e60088e9-cf94-4e41-ae65-a5390866b4b8,infra.huilerie,33,H.AFRIQUIA,HUILERIE,7e05d762-77f8-40e8-9b7c-2ca56fda5840,H.AFRIQUIA,infra.huilerie_inventaire_pollution,0.50,0.740,VERY_CLOSE_2M,NEED_REVIEW,NEED_REVIEW,,,#f59e0b,alert,POINT(508544 372171)
ad228d6f-fce6-4b8d-b352-27ec03ada328,e60088e9-cf94-4e41-ae65-a5390866b4b8,infra.huilerie,608,Omari Thami,HUILERIE,3a25f7af-3664-4a19-bcc9-32325dca413d,Omari Thami,infra.huilerie_inventaire_pollution,0.50,0.740,VERY_CLOSE_2M,NEED_REVIEW,NEED_REVIEW,,,#f59e0b,alert,POINT(494198 379375)
a9c5dd9f-cb8d-49af-be0b-b21f32a27514,e60088e9-cf94-4e41-ae65-a5390866b4b8,infra.mine,18,HAMADA MINERALS,MINE,e8fc176d-c484-4855-bb1d-84ec361ffc30,HAMADA MINERALS,infra.mine_inventaire_pollution,0.51,0.740,VERY_CLOSE_2M,NEED_REVIEW,NEED_REVIEW,,,#f59e0b,alert,POINT(461587 320335)
f7c22a5c-53f0-4b3a-9473-a6743649236f,e60088e9-cf94-4e41-ae65-a5390866b4b8,infra.decharge,83,décharge souk,DECHARGE,e1e55eb3-7b2c-40f9-9a91-3dad806cdda0,Décharge Souk,infra.decharge_inventaire_pollution_general,0.52,0.740,VERY_CLOSE_2M,NEED_REVIEW,NEED_REVIEW,,,#f59e0b,alert,POINT(503845.82 440764.49)
d3c7a6d3-e830-41e8-9dda-cd3c014ff1ac,e60088e9-cf94-4e41-ae65-a5390866b4b8,infra.huilerie,547,H.EL BARAKA,HUILERIE,920698c1-3a10-493e-8830-3872f68e588d,H.EL BARAKA,infra.huilerie_inventaire_pollution,0.52,0.740,VERY_CLOSE_2M,NEED_REVIEW,NEED_REVIEW,,,#f59e0b,alert,POINT(486171 390378)
5dbb99d7-c420-439c-a1b0-b148cda9c02c,e60088e9-cf94-4e41-ae65-a5390866b4b8,infra.huilerie,203,Huillerie Edahbia,HUILERIE,bfd6ff02-d6ce-47a8-a25f-157f54c65336,Huillerie Edahbia,infra.huilerie_inventaire_pollution,0.53,0.740,VERY_CLOSE_2M,NEED_REVIEW,NEED_REVIEW,,,#f59e0b,alert,POINT(513609 460358)
361aabdc-c812-40d1-955e-44a90a1a9803,e60088e9-cf94-4e41-ae65-a5390866b4b8,infra.mine,7,ZMF CONSULTING,MINE,c390f4da-f617-4b7c-a36b-e7613d7c7eb5,ZMF CONSULTING,infra.mine_inventaire_pollution,0.53,0.740,VERY_CLOSE_2M,NEED_REVIEW,NEED_REVIEW,,,#f59e0b,alert,POINT(612493 329071)
50be0253-4588-4f03-82e1-2d6df2306da9,e60088e9-cf94-4e41-ae65-a5390866b4b8,infra.decharge,34,imouzzer marmoucha,DECHARGE,68a01c0a-edee-42d0-9489-84dfe9493944,Imouzzer Marmoucha,infra.decharge_inventaire_pollution_general,0.55,0.740,VERY_CLOSE_2M,NEED_REVIEW,NEED_REVIEW,,,#f59e0b,alert,POINT(604620.69 320925.46)
5b0e6c1b-2f94-4acd-b884-8a2368f4602a,e60088e9-cf94-4e41-ae65-a5390866b4b8,infra.huilerie,34,Huilerie Délices de Saiss,HUILERIE,1ee204a6-d553-43fe-9bbe-9ad1bf6de7d7,Huilerie Délices de Saiss,infra.huilerie_inventaire_pollution,0.55,0.740,VERY_CLOSE_2M,NEED_REVIEW,NEED_REVIEW,,,#f59e0b,alert,POINT(511479 373584)
bb841654-94f8-438f-8853-63075708b049,e60088e9-cf94-4e41-ae65-a5390866b4b8,infra.huilerie,140,"H,EL MASIRA",HUILERIE,2e1c7830-d70d-4491-8b9a-603772af536f,"H,EL MASIRA",infra.huilerie_inventaire_pollution,0.57,0.740,VERY_CLOSE_2M,NEED_REVIEW,NEED_REVIEW,,,#f59e0b,alert,POINT(531600 375663)
93cf0554-f0f8-4973-bcf0-dd117c527603,e60088e9-cf94-4e41-ae65-a5390866b4b8,infra.decharge,82,décharge public,DECHARGE,22d98ec2-005f-4044-bbae-9ed5f96e285e,Décharge Public,infra.decharge_inventaire_pollution_general,0.58,0.740,VERY_CLOSE_2M,NEED_REVIEW,NEED_REVIEW,,,#f59e0b,alert,POINT(505539.31 480409.51)
892adfe6-1b21-4690-a0f4-f129fdd24baf,e60088e9-cf94-4e41-ae65-a5390866b4b8,infra.huilerie,120,H.EL OUATYA,HUILERIE,1ec3a544-7331-4551-b576-c267e4fe81f8,H.EL OUATYA,infra.huilerie_inventaire_pollution,0.58,0.740,VERY_CLOSE_2M,NEED_REVIEW,NEED_REVIEW,,,#f59e0b,alert,POINT(521795 399808)
94f21dac-2a1c-4806-90d3-d378e1a40314,e60088e9-cf94-4e41-ae65-a5390866b4b8,infra.huilerie,542,H.JBEL ZARHOUN,HUILERIE,1194c91e-b63a-4eb8-8eeb-899f73e3b724,H.JBEL ZARHOUN,infra.huilerie_inventaire_pollution,0.59,0.740,VERY_CLOSE_2M,NEED_REVIEW,NEED_REVIEW,,,#f59e0b,alert,POINT(484817 375835)
6da07a69-604f-4ab2-9441-5334dcdf7736,e60088e9-cf94-4e41-ae65-a5390866b4b8,infra.huilerie,602,Bakir Mustafa,HUILERIE,ac6176c6-6cf1-4264-97bc-436dda75cc16,Bakir Mustafa,infra.huilerie_inventaire_pollution,0.59,0.740,VERY_CLOSE_2M,NEED_REVIEW,NEED_REVIEW,,,#f59e0b,alert,POINT(502786 370347)
43714f08-70a3-4cb4-8259-a91b5c029a5d,e60088e9-cf94-4e41-ae65-a5390866b4b8,infra.mine,31,STE MINIERE BOUHRAMAT,MINE,6e598f87-c726-4220-b656-8dd2cb1f3859,STE MINIERE BOUHRAMAT,infra.mine_inventaire_pollution,0.62,0.740,VERY_CLOSE_2M,NEED_REVIEW,NEED_REVIEW,,,#f59e0b,alert,POINT(529798 389796)
e76bcfc9-142c-4f08-8b9a-aba7f6834df5,e60088e9-cf94-4e41-ae65-a5390866b4b8,infra.mine,39,STE BENI KHELEF,MINE,3732e36b-e2d3-49bc-abfb-3f5e9d4e74ec,STE BENI KHELEF,infra.mine_inventaire_pollution,0.64,0.740,VERY_CLOSE_2M,NEED_REVIEW,NEED_REVIEW,,,#f59e0b,alert,POINT(492779 312243)
c97e58a4-0b87-4599-bf92-f9509739286b,e60088e9-cf94-4e41-ae65-a5390866b4b8,infra.huilerie,581,H.el ouaste Mohammed,HUILERIE,2243dcd3-cc81-4541-b65d-36e5ac9d8f9a,H.el ouaste Mohammed,infra.huilerie_inventaire_pollution,0.66,0.740,VERY_CLOSE_2M,NEED_REVIEW,NEED_REVIEW,,,#f59e0b,alert,POINT(488083 383911)
2bd81a36-9b1e-4b51-b256-03948c507657,e60088e9-cf94-4e41-ae65-a5390866b4b8,infra.huilerie,29,MAASARA AIT KRAT (Ait Aziz),HUILERIE,41128b7c-4675-403d-8750-289dc0c24159,MAASARA AIT KRAT (Ait Aziz),infra.huilerie_inventaire_pollution,0.67,0.740,VERY_CLOSE_2M,NEED_REVIEW,NEED_REVIEW,,,#f59e0b,alert,POINT(474719 356160)
11e83436-bac0-4840-ae3c-951fd12c6cde,e60088e9-cf94-4e41-ae65-a5390866b4b8,infra.huilerie,222,Al Mahmoudi,HUILERIE,3553520c-f5c0-4b11-b7bb-b64909203643,Al Mahmoudi,infra.huilerie_inventaire_pollution,0.68,0.740,VERY_CLOSE_2M,NEED_REVIEW,NEED_REVIEW,,,#f59e0b,alert,POINT(486807 464649)
