node_id,geom
1,01010000204F660000A0302271E0012141A26D9BB2E7851641
2,01010000204F660000802D217FA9072141C0B359B52AD81541
3,01010000204F6600000024B9DC35F12041806FF005B1A51541
4,01010000204F660000E2B6D8A7ABFA2041A0DDDE4B10CC1541
5,01010000204F660000C0ACFA3C3AE52041004625F5ED8F1541
6,01010000204F66000000BD52D6CB481D41C00E9C3352AD1941
7,01010000204F660000003E791822FD1741009E5EE963281941
8,01010000204F660000803177EDAB2A20410098DD536D0F1941
9,01010000204F66000000E25857CD851841C0627F5931B51941
10,01010000204F6600008019E218991E184100B37BF24C4D1941
11,01010000204F66000080EC2FDB035A1941C0A8A48E234D1941
12,01010000204F6600000038678419F91D4180C7293A33321941
13,01010000204F6600000087A71791921D41404BC8C770C91241
14,01010000204F6600004E0F4D92168E214134C9C9D2CAD21741
15,01010000204F6600008094F606BAB11B418033A2B468AC1941
16,01010000204F66000000BE3059877F1C4180BE9F5A9EB91941
17,01010000204F660000C067B36AE0C02141207C61B297411541
18,01010000204F660000802C43DC34921D41C0D556AC91A21941
19,01010000204F66000080522720EDD11A41404772B9FBAB1941
20,01010000204F660000C078E926416A2141C022DBB9963F1641
21,01010000204F6600000074B595A867214100E56161D6DB1541
22,01010000204F660000475EFC66C3FF2241BAD30FF8FF851A41
23,01010000204F66000000A69B44BE6D1D41C0E1E9D522D91941
24,01010000204F6600002034119642FF204140840D0F33961B41
25,01010000204F66000080627F5925D7184100ECC0F94B611A41
26,01010000204F6600004096210E1B152041C0FA5CAD9D831B41
27,01010000204F66000080A3019C55D9204140575BB1CD4E1541
28,01010000204F660000C023B95C38462141C0DEE00BBE1C1B41
29,01010000204F66000000BBB8CDF3951E410000004043FB1241
30,01010000204F6600003626EA3A94EE2041EAFDB8EED3D41641
31,01010000204F660000004FAF94FCE11E4180D2DE2096D11841
32,01010000204F66000000C58FF10021194180DE718A2A6B1941
33,01010000204F66000000166A8DE543214180CDAA0F46431B41
34,01010000204F66000040D6C54D7F3C2141404772B91CAD1B41
35,01010000204F66000040F8C284674F20410042CFA6FE831541
36,01010000204F660000407502DAD051214100AAF19204E11B41
37,01010000204F66000060840D6FDF8E214180CF6695D1B51B41
38,01010000204F66000040522700FC122141805149DD60331C41
39,01010000204F66000080C95401B8A81B41003FC69C07561741
40,01010000204F66000000A8C6EB1D302141C00E9CB350051341
41,01010000204F6600008016D90EAC31214100386784E4051341
42,01010000204F660000C0B584DCB76E2041000BB52635901A41
43,01010000204F660000E07268F1BA4B2141C00A46E596971641
44,01010000204F66000000014D044E5D1F4100B8AF8345F71A41
45,01010000204F660000803BDFCF9F9B174180ABAD184F0E1941
46,01010000204F660000CE74D5D539E82041746116286A851841
47,01010000204F660000A737CBFE3E072241DA66B9BA591B1841
48,01010000204F66000040FAEDEB4E3E2041C04E40D351071941
49,01010000204F66000000F6975D6AF91E4140A60AC659C21741
50,01010000204F6600008009F9A0402B1E41C09AE65D53231841
51,01010000204F66000040AF94657F9C2141400C02AB18651B41
52,01010000204F660000807268910F591F4100166ACD4DF91A41
53,01010000204F660000404B59660FD32141A03F359EE0061B41
54,01010000204F66000000BADA8ADBB01F41007A366B71D21C41
55,01010000204F6600000089D21EBC301C41006D563D491B1541
56,01010000204F660000003E79D8F25A1E4180D93DB9E0D51241
57,01010000204F66000000DF4F4DD9211E41801D38A7C9E71241
58,01010000204F660000005B42BE03B51D410032E6AE0CD81241
59,01010000204F6600000750CF5413F420419AA966A47F631841
60,01010000204F66000040FE43FA107B2041C04D62D0C2041941
61,01010000204F66000000D6C52D0F451E41C06D3440DA971241
62,01010000204F660000806FF005A3A21C410005349187C51941
63,01010000204F6600008089B021DA461C4180E61D27730A1A41
64,01010000204F66000040621018D4402141C086A7D781961A41
65,01010000204F66000000AB3E572BCA1941003B70CE2FB61A41
66,01010000204F66000080081B1EE3741E41400378CB288C1241
67,01010000204F660000001136FCDF081E41C0F1D20D093D1341
68,01010000204F6600000021B0726A6E1C41C0D100DEAB401341
69,01010000204F66000000ECC039C0D51B41C09690CFC7B01341
70,01010000204F660000809F1A2FF9D41B41C0718A0EBAE41341
71,01010000204F66000080E4F21F94BE1E41402575C2BF0E1341
72,01010000204F66000000E4831EBE181E41808A8EA428091641
73,01010000204F660000009F3CAC351A1A41005B423EB0681A41
74,01010000204F660000E0EF41CA93581D41BC9B74B73FD81A41
75,01010000204F66000067620036EEA01D41B5EE6F98EDED1A41
76,01010000204F66000040A16773644C1D41E0A1453689221A41
77,01010000204F660000C03255B0B72F1D41808026C24E2A1A41
78,01010000204F66000080AF946502F01C4160F5B99AB2091A41
79,01010000204F660000970A14F7668D1D411FEF4B6A2FDC1A41
80,01010000204F6600007E85A33158431D412CA00AFF35EC1A41
81,01010000204F660000F5F79ABFB4AF1C416B9809247BD11A41
82,01010000204F66000000D9CEB722A81C41802F4C66D70B1A41
83,01010000204F66000080B437F88A7A1C414094F6863EEA1941
84,01010000204F66000000DD2406C6701C41C030996ACDE51941
85,01010000204F6600008016D9AEA50C224140A60A4657CA1C41
86,01010000204F6600008057CA32D28C1B41C0EC9EFC5F501741
87,01010000204F660000003B704EE4A31841C039230A8AE51941
88,01010000204F66000000098ADF82AA1B41401AC09B6EEF1641
89,01010000204F6600008068916DCB571841C07BF270CD571941
90,01010000204F66000000F6979D96FE1841C0CEF7D375631A41
91,01010000204F66000080A1D6347654194180A982D1EF521941
92,01010000204F660000009D1165BE971B41005839B4D83C1941
93,01010000204F66000040BB27AF15582041C0C876BEE30B1941
94,01010000204F660000032D549F91171C413DC9DEA7E85C1A41
95,01010000204F6600004083C02A27C82241802D219F76921B41
96,01010000204F66000040D3BCE34816204180AEB6E2B2DB1841
97,01010000204F66000027981F31FFAB20415A990E2BB7701841
98,01010000204F6600004ECFA8727A5022417439985B12F31641
99,01010000204F66000080C64B7742491E418009F960A1021341
100,01010000204F660000809A779C22B918418033A2F4394A1A41
101,01010000204F660000804C150C261E1941C057CA723BAB1A41
102,01010000204F66000000EFC9032BD81D41809ECD2ACDAA1241
103,01010000204F660000808104C5D1191E4100780BA4A0F51141
104,01010000204F66000000917E7B4D221C41406744698F9F1341
105,01010000204F660000005D6DC5D7151C4140C807BDD8C81341
106,01010000204F66000080D1009E508E1E410076E01CE8621241
107,01010000204F66000080105879E4EF1B41C064AA60238C1341
108,01010000204F6600000022FDB611BF1E414041F1230D731341
109,01010000204F66000000772D6194B01D4100F2410F7CB31241
110,01010000204F6600000070CE8813251C41806ABC34D27F1541
111,01010000204F66000000560EADABEA1B41C09DEFA7613A1A41
112,01010000204F6600000087A71746601A4140A089F094561A41
113,01010000204F660000809BC4A0CACB1D41E088D2DE95441A41
114,01010000204F66000080218EF5E212204160BB274FF45E1B41
115,01010000204F66000000408ACD3BDC1C414069BF1FA2E01A41
116,01010000204F660000002DB2BD2DED2041807346949F551D41
117,01010000204F6600008080268250EC1941C037F842E2C41A41
118,01010000204F660000CE30DB27F4BB2141346953C338881941
119,01010000204F660000004A7B038B461C41803C2C54C45C1541
120,01010000204F66000080F085897BB61941C09BC4E011901A41
121,01010000204F6600000011363CAF451941400C02AB179D1A41
122,01010000204F6600000010E9F796932041402EFFE183921741
123,01010000204F660000808A8EA4606F194140B6F3BDE3931A41
124,01010000204F660000408716F92EC12141C0C3422D50261541
125,01010000204F66000000492E1FEEC7214100E561616E431441
126,01010000204F66000080A67907BE981941804F1E5693841A41
127,01010000204F660000001214BFFA5A1A41C0DFBE0E44301B41
128,01010000204F660000C02D211FD06C2041C0D1009E37981A41
129,01010000204F66000000022B47676F1F41802A181537281B41
130,01010000204F66000040F8C224D10F204140C4B16E46B81B41
131,01010000204F66000000BF0E9C5EDC1741000534D164E41841
132,01010000204F660000801B0D60AD411D41405BB17F6E1F1541
133,01010000204F66000000EBE2763CB3194180081B9E77E91C41
134,01010000204F660000801A2F9DD699194180F4DB97B1B81C41
135,01010000204F66000000341136797519418053742481801C41
136,01010000204F660000002DB29DB95A194180F4DBD700F61B41
137,01010000204F660000009D11258F9D1941C0D781F3BBF11C41
138,01010000204F66000080AEB622AEDE17410096B20C6B2F1941
139,01010000204F6600000011C7BAE1CF1F4180C0CAA1311E1E41
140,01010000204F66000040BE55646F40204180EC546680641D41
141,01010000204F66000040211FD419302241C04B37C91E451B41
142,01010000204F66000039C4CE6028E62041DF03F04AA4841841
143,01010000204F660000808CB9ABA9F01D41009A085B3AC41241
144,01010000204F66000080E5D0A2CE5D1E4100BADA8A29A41141
145,01010000204F660000001B9E5E92351E41C06B09B934CE1141
146,01010000204F66000000B5A679BC2D1F41801D3867990A1341
147,01010000204F66000080B3EAF3A3B91E41006F81C426481241
148,01010000204F66000080051254EEDB1E41C0E3149DC52C1241
149,01010000204F660000800D4FEF41581F41C098BB56B53E1341
150,01010000204F66000000575BF1847D1E4140234A7B29121341
151,01010000204F6600008052276074151C4140D49AE62F021441
152,01010000204F66000080E61DA765CD1E4180D2DE2071B11341
153,01010000204F66000080545267BEF11E418026C20674F91241
154,01010000204F660000806B0979F4F11E4180E2C7D8F7831341
155,01010000204F66000000BADA0ACAE91D4180A52C8345711241
156,01010000204F66000080A44E80BFD21D410081950359881241
157,01010000204F660000805BB1BFCBA91E4180711B0D51801341
158,01010000204F6600008058A835E02E1E418093180460361341
159,01010000204F66000000B4597596D41D41806E12031C3F1341
160,01010000204F66000080C2F568A5081E4140696F705B8B1241
161,01010000204F6600000065AAA08BFE1D41803255307D481241
162,01010000204F660000803E575B381A1E418048BFBDDD221241
163,01010000204F6600000087A7973D9C1D410076E0DC03E91241
164,01010000204F66000080923A01837A1D410083C08A62E41241
165,01010000204F66000080779C2279211D41C030992A53F01241
166,01010000204F66000000C6DCB5E2D31C41C010C77AB3111341
167,01010000204F660000003C4E51DF041D4180DD938723F61241
168,01010000204F66000000000000525D1C4100819543EE5D1341
169,01010000204F660000802F4C66134D1C418091ED3CFA841341
170,01010000204F66000080E8486E5EF91B41807CD0B3524F1441
171,01010000204F660000004A7B431D6E1C414050FC98E7441541
172,01010000204F660000805452E7A19D1C4140B6F37D453F1541
173,01010000204F66000000508D57972E1C4140014DC434541541
174,01010000204F66000000B37BF257191C41005A64BB70761541
175,01010000204F66000080158C8AA8651C41400F0BF5CAA81541
176,01010000204F6600000085EB5117CA1A418033A23466FF1441
177,01010000204F660000801B0D20C8A21C4140EF38853A921541
178,01010000204F6600008082514981C71C41009F3C6CB01A1541
179,01010000204F66000080490C828AF01C410062A1567FF11441
180,01010000204F66000000C8985B9EA42041803D0A1715861B41
181,01010000204F660000004D848D00391D4100EEEB40D0E11441
182,01010000204F66000044749E55E56D1B414F9677CE73251541
183,01010000204F66000080AEB6A241621D414050FC9846E51441
184,01010000204F660000806ABCB44A5B194100197317C8051941
185,01010000204F660000801E852BA82D1D41809999598D171541
186,01010000204F66000000CBA105AC121D41C0FA5C6DC2451541
187,01010000204F6600000077BE1F43351B4100C3642A44521741
188,01010000204F660000802E6E6367961B41C0073DDB41F51841
189,01010000204F66000080158C0A680F1D41C054C1E835841541
190,01010000204F66000080E5D0A28B041D41C02B6519B4B81541
191,01010000204F6600000055302A1D211B41802497FFE15A1541
192,01010000204F66000000F628DC54F21D4140C4B16EB3AD1541
193,01010000204F6600000005341157021E418051495D79781541
194,01010000204F66000080AC8B5BE3601D41406519228FA01441
195,01010000204F660000802BF697AA3A1D41003411F6ABA81441
196,01010000204F66000000A2B4B7603B1D418036ABFEAD731441
197,01010000204F6600008014AEC746091B4100C364AA4D1E1741
198,01010000204F66000080A982D12C8C1E4180C5FEF21C491441
199,01010000204F66000080ABAD18DB331E41401AC05BC10F1641
200,01010000204F66000080D3BC233D521E4140431CAB2A961441
201,01010000204F66000000083DDB0E661E4100295C4FE2651441
202,01010000204F66000080900FFA91E01A41801A2F9DD03B1541
203,01010000204F66000080218E3559BE1F414090A078FDB61441
204,01010000204F660000009BE65D58721F41C04E40130F131541
205,01010000204F6600000070CE487D511F41C0B88DC65DF21541
206,01010000204F6600000051DADBF3621F41805CFEC337711541
207,01010000204F660000B4143925E6611B41F2E714BC78041541
208,01010000204F66000080DA1BFC25101F418095438B13411641
209,01010000204F66000000DCD7C17CAF1E414039B44819DF1441
210,01010000204F66000000651922C5D4194180D0B319E5621A41
211,01010000204F6600008094F686495B1E4140A089B0E8421541
212,01010000204F66000000DAACBA8C6B1E4100AF25643D081541
213,01010000204F66000080A0F8F1C1801B41C089B02139DD1441
214,01010000204F66000000E4835E814C1E418068916D7DCF1441
215,01010000204F66000000F016881E811E414027A0C905081541
216,01010000204F660000002428BEB0E91D414013610330471541
217,01010000204F66000000E10BD306C21D41C0E53FA46E371641
218,01010000204F6600000089412063491E41C035CDBB107D1541
219,01010000204F660000005EBA09844C1E41C0E1E91578B21541
220,01010000204F66000080F163CC92531B41C0BE0E5C407C1741
221,01010000204F6600000057ECEF104A1E41C03099EAD7E71541
222,01010000204F66000000E561A167FD1E41807CD03377B11641
223,01010000204F66000040F7E4E19EC41B41005E4B887DBB1441
224,01010000204F6600004021B0F2621D1F4160FDF675F5021741
225,01010000204F660000802C439CF8951D41C03B4E91C0941741
226,01010000204F660000C0CDAA8FE8091F41608FC275C85B1741
227,01010000204F6600008017B7112FF11E4100D9CE37D0701741
228,01010000204F660000005E4B08899E1B4140F6971D61D21441
229,01010000204F66000080A44E005E1F1F41801F636EB62B1741
230,01010000204F66000000151D49E24B1F4180B96BC92B221741
231,01010000204F66000080C2F568D8B91F41C08BDB6806AA1741
232,01010000204F66000080847C909F941B41007E1DB864851441
233,01010000204F66000080EB51585504204140D6C5ADF50C1841
234,01010000204F660000008941606D421D41406B9A37F90E1741
235,01010000204F66000000FED4B830E11F4180FD65F73BDB1741
236,01010000204F6600008009F920CCC81E4140764F1EB5251841
237,01010000204F660000001B9E1EA0AF1A410081954321141B41
238,01010000204F6600000019739762E01E4140643B1F1DFA1741
239,01010000204F66000080F4DB5706F21E4100C3646A31DC1741
240,01010000204F660000804694766CF81E41C0270FCB2FCA1741
241,01010000204F66000080A757CA0BC31D4100EEEB80C36A1741
242,01010000204F66000080832F4CF0361D41408E753102DA1741
243,01010000204F66000080B81E45C46E1D41C0F753E359C41741
244,01010000204F660000008195C39A1E1D41005917B708751741
245,01010000204F6600008031776DD8251D4100075F18E54D1741
246,01010000204F66000000B072689E3C1D41803F35DE1C2C1741
247,01010000204F66000040DE020960061C41403CBDD2126B1441
248,01010000204F66000000FBCBEE325A1D41C05F76CFCDF91641
249,01010000204F66000080226CF831FE1D414096218E0C6F1741
250,01010000204F6600008013D04495381E41C01E85AB6D541741
251,01010000204F660000805227A0DF871D4100B8AF03C7B21641
252,01010000204F660000802D211FD0801B41800F7A7673711741
253,01010000204F66000000C442EDD9961D4180E09C912DB11641
254,01010000204F66000000F241CF61D81D4140DBF93EE8781641
255,01010000204F66000000DCD781A5A71D4100E02D50598B1641
256,01010000204F66000000FED4384CFD1D4180779C62EE4F1641
257,01010000204F660000008F5374E57A1D414092CB7F3C921641
258,01010000204F66000080779CE2C01E1E4180ED7CBFBA271641
259,01010000204F66000080C876BE2CE51D414027A0C92DD81541
260,01010000204F6600008072F90F5ADF1D4100CE19116C0A1641
261,01010000204F66000080DA8ABD8B6C1D41805CFE038C2F1641
262,01010000204F66000000DD2486DB741D4140795868EC701641
263,01010000204F6600008039B48878971D4140C1A824FF601641
264,01010000204F660000008941209FD71C410071AC8BB6211641
265,01010000204F66000000B6847C75811D41400AD76305C31641
266,01010000204F660000806B09B986D41C41C020B0326FA61741
267,01010000204F660000803C2C54F96E1D4100AE47E106DF1641
268,01010000204F6600000010E937B9C91C4180B0E169F0E11741
269,01010000204F6600008053746429E31B41C0EA7375DB6C1441
270,01010000204F660000004ED151E17D1A41C0B584BC0C2D1B41
271,01010000204F66000080E1E9958F001D4140840D4F2AE51541
272,01010000204F66000080CDAA4F54FB1C4100D34DE29E071641
273,01010000204F660000806B09F9F5CB1B41C08AFD659F221441
274,01010000204F66000000E9B76FBCAC1C4180C5FEF2FC261641
275,01010000204F66000080567D2E75CB1C4180CB7F08F9C21741
276,01010000204F66000000FF213D660D1D4180E4F29F3F8D1741
277,01010000204F66000000FBCB2E74F11C41808A8EA4469E1741
278,01010000204F6600008095438BCC0B1C4140FAEDAB13261441
279,01010000204F660000006B2B7608091D4180B0E1A93DE31741
280,01010000204F660000805374E4A0551B4180C420B0EE231741
281,01010000204F66000000FDF6F56FAA1B41003B700E93FC1641
282,01010000204F6600000023DB79B2A71B410086C9D407561741
283,01010000204F6600000052B89E74971B4140E17A548CC21A41
284,01010000204F660000002CD41A2FEA1C4100F46C164EE91741
285,01010000204F66000080C5FEF28DB91C41C0293A929ADC1741
286,01010000204F660000006D567D63931B4140D191DCBFF41A41
287,01010000204F66000000B459356A511B4100AAF192D7F21A41
288,01010000204F6600000088F4DB526E1B41C04D629054AA1741
289,01010000204F66000000948785DACA1A41000C932990CF1541
290,01010000204F66000000A470FDFFE61A41409FAB6D1D071641
291,01010000204F66000080E926B1403F1B4180C0CAA1D04B1641
292,01010000204F660000800E2DF285CF1B418048BFFDEA9F1541
293,01010000204F660000803BDF0F31121B4180F6069F39371641
294,01010000204F6600000097FF5017921B41C002090A19AC1541
295,01010000204F66000080999919B9AC1B4100C7BA78194B1A41
296,01010000204F660000006E3480695D1B4180F4DBD7447A1641
297,01010000204F660000008941E0E2991B41C09BC420FE7D1641
298,01010000204F66000000C286672BB21B41C067B32A5AB31641
299,01010000204F660000807DAEB6878E1B41C089B021D1641641
300,01010000204F6600000077BE5F068C1B4100D578A955381641
301,01010000204F660000007D3FB5F8861B41C07268113FF41541
302,01010000204F6600000085EB51F9CA1B41C0FA5C2DF93B1A41
303,01010000204F66000080BA494C7B201C4180B20C3173541A41
304,01010000204F66000080F4DBD72D2D1C41C0E848EE32CC1541
305,01010000204F66000080840D8F2FAE1B41C078E926D3DB1541
306,01010000204F660000804E4053F8B81F41803F351E55EE1B41
307,01010000204F660000005839B4FC581C4140C286E7A91A1641
308,01010000204F660000007C6132E8FF1B4100780BA442E11541
309,01010000204F66000000CCEE09860A1C41C0F3FD1445A91541
310,01010000204F660000009A085BB3D51B41C09BC42050DC1541
311,01010000204F66000000F1F48A7F671B4140840D4F368A1541
312,01010000204F660000807424978C0A1E41A04469AFAF3B1A41
313,01010000204F66000080DD9347DAF41A41C045B673889C1441
314,01010000204F66000000DCD7014CD91A4140EF3845F3C81441
315,01010000204F6600008045B6F30F861A4140B072A80DEB1941
316,01010000204F660000007A366B7C76194180FF90BE66241641
317,01010000204F66000000143F46CB621941806CE7BB72911641
318,01010000204F6600000075025AD16D1B41C0408222D8D21941
319,01010000204F66000080F2B050E75B1941409B551F0AD91841
320,01010000204F66000000083D9B78721941C00C71ECE5591641
321,01010000204F66000000371A80FB5619414096218E36D21641
322,01010000204F660000805DDC8641321A41C0293A12FD0F1B41
323,01010000204F6600008017B711E54D1941808CB92BC2041741
324,01010000204F6600008031776DD11C194100B37B3279121841
325,01010000204F66000080D93D79AE2419410034117695281741
326,01010000204F66000000D122DB50C41841004FAF14EBEF1941
327,01010000204F6600008016D98EE5A318414074241727211A41
328,01010000204F66000000C66D7446351941405530EA398D1741
329,01010000204F66000080ED7C7FF22219414041F123F3AC1741
330,01010000204F66000080A0F8B1348F18414008ACDC4EDA1941
331,01010000204F66000080C2F568F2B11E41C016D90E4F501A41
332,01010000204F6600000067D5A79B0C19410051DA9BDD5C1741
333,01010000204F6600000077BEDF0A191941402EFFA182DF1741
334,01010000204F660000805F070E85381941808A8EE4FA461841
335,01010000204F660000000BB56633461941003411B637A51841
336,01010000204F660000807CD0B369491941401AC09B097D1841
337,01010000204F66000080E09C11DA5C194140643B9FB63E1941
338,01010000204F6600000039458774D71841C0E3141D2E561941
339,01010000204F6600000001DE42310D194180DB6880882C1A41
340,01010000204F66000000B072680C651841C0FA5C6DBE7C1941
341,01010000204F66000080D5E7AAA34B1A41C076BEDFFBE01B41
342,01010000204F6600000042CF2693151A4100BADACA68E91A41
343,01010000204F660000009D11E556E91941C042ADA949E01A41
344,01010000204F66000080900FBA66821941407958A81E691A41
345,01010000204F660000008195836BE41941C037F8C24C331A41
346,01010000204F660000004703F8273A1941C054C128796C1A41
347,01010000204F660000803789814CAE19414041F163C4501A41
348,01010000204F66000000772DE185D41E41C0C64BF7FB3B1A41
349,01010000204F66000000DCD701F6031B412051DA5B23CD1B41
350,01010000204F6600000098DDD323EA1A41807EFB7AAA091B41
351,01010000204F660000808FC27542151B4180F2B0D0ECEE1A41
352,01010000204F66000000F1F40A07431B41805452E7AC171C41
353,01010000204F66000080DA1B3C49AB1B4180D71272C07B1A41
354,01010000204F660000004703F8378F1B4140992A58E9A01A41
355,01010000204F6600008014AEC704881B41C059F5794DE51A41
356,01010000204F66000080D712F2A1C61B41C0EA73B5D9791941
357,01010000204F6600008048BFFD080F1C4140522760CD541941
358,01010000204F66000000431C6B8AE91B41C0F7536329671941
359,01010000204F660000005EBAC9D9931B4100DAAC7A961A1941
360,01010000204F660000802F4CE6F06E1B41002B87967B531941
361,01010000204F6600008028EDCD96F21A4180AA60D4BA7C1941
362,01010000204F660000802A18D540A01A4180F2B05080CE1941
363,01010000204F660000001748904D2C1B41C000DE42AB8A1941
364,01010000204F660000003CBD5253FF1E41C02C435C283C1A41
365,01010000204F660000DE5BC54D5A5F1E414F44B31E53021C41
366,01010000204F6600008013614378301F4180A301FCEFA81B41
367,01010000204F66000000C7BA789B721B4140B4C8F67CE21741
368,01010000204F66000080506B1AF55F1B4100EA9532AB3A1841
369,01010000204F66000000F6979DECAF1C4140ED0D7E4BFC1741
370,01010000204F66000000B9FCC74D661B410062A1164B6A1841
371,01010000204F66000000189594A5811B41803BDF8F91CB1841
372,01010000204F66000000DAACFAAA201F41406C787ACD631B41
373,01010000204F66000000ED0DBE78C71C4180A1D6F48D0A1841
374,01010000204F660000802A18558ED01C4140EC2FBBBD291841
375,01010000204F660000809D80269BA01C41C032C471A7951841
376,01010000204F66000000BF0E1C66AB1C41C0E00BD318811841
377,01010000204F66000000560EED0CC61C41C09BC4E0EA4F1841
378,01010000204F660000809D8066F08C1C41C0D6342F87E51841
379,01010000204F6600008016D98EE59A1C41C012F201FCAE1841
380,01010000204F6600000089D21E368B1C41C0408262DCC51841
381,01010000204F660000807346D43C3A1F4100C3646A00291B41
382,01010000204F66000080976E52E4811C41C079C7E9A1F31841
383,01010000204F66000000394547F1761C41C0293A528D061941
384,01010000204F6600000040A49FA4631C418068912D9A301941
385,01010000204F66000080A22379FD3A1C4100E78CA8FF4A1941
386,01010000204F66000080D8F07408B11C4100DCD78194B51941
387,01010000204F66000000B4C8F654D61C4100E3369AC2B11941
388,01010000204F660000807B832F12031D414027A049CEC01941
389,01010000204F660000000EBE303A221D41407E8C3932C41941
390,01010000204F66000000FFB23BC2761D41C03D79D8CBC01941
391,01010000204F66000000C7BAF84EB31D4140575BB107701941
392,01010000204F66000080C5FE727BEA1D410093A9825C6C1941
393,01010000204F66000080136103D6261E4180348037DF351941
394,01010000204F66000000EEEB808B4E1F41A04469AF11AE1A41
395,01010000204F6600000092CB3F3F4C1E4180438BECE0CB1741
396,01010000204F66000080B81E45B7021E4180A1D63464621841
397,01010000204F660000809A779CE67A1E4100A167F3F1E21841
398,01010000204F66000000D7A330212F1F41408716190B521A41
399,01010000204F66000080900FFAC52D1E4180F2B0D050A71841
400,01010000204F6600008060E510BCAC1E41C044D8B0B1D91841
401,01010000204F660000803177EDE3DF1E4120F016081A361841
402,01010000204F66000080F90FE9505D1E41000DE0EDA0DF1841
403,01010000204F660000006822AC116B1E41406C783A37C31841
404,01010000204F66000000C58F71D17F1E4180B7408248A61841
405,01010000204F660000804F1E16BA061F4100492EBF64DB1841
406,01010000204F6600000011C7FAC5B01F4100EEEB004A571941
407,01010000204F660000804DF38EE2E11F4180A0F831F21B1941
408,01010000204F660000C0703DAA840A2041C02C435CFA0B1941
409,01010000204F66000000431CEB369A1E4120AF2524939A1841
410,01010000204F66000000CAC3C2C3F31F4140C1A8E464E91941
411,01010000204F66000080591777B9CB1E41C05452A7976C1841
412,01010000204F6600004080B7E0B8032041C034EF7885FC1941
413,01010000204F660000800E9CF3E31B1F410000004056191841
414,01010000204F660000C05AD3BC67BE1F4140189594C9B11941
415,01010000204F660000804BC847654A1E4180A98251C1FC1841
416,01010000204F66000000B459B539551F41804F1ED65F2C1841
417,01010000204F6600008007AC1C20B81F41403A924B216B1941
418,01010000204F66000000780B646DB61F41205A64FB80A81B41
419,01010000204F66000080ED7CFFD5881F41809A771C440F1841
420,01010000204F6600008047E13A72E81F418073469427C21941
421,01010000204F66000080C5FEF27FAB1F41C0C8767ED3DB1741
422,01010000204F6600000052B8DE27A51F41006A4DB365221941
423,01010000204F66000000BB278FEC791F4180B96B094BFE1841
424,01010000204F66000000068115D1491F41C082510962E71841
425,01010000204F6600000099BB160B9B1F41C08F31F7242F1941
426,01010000204F660000002653858F841F41C0E1E9D530041C41
427,01010000204F66000000E3361A6E131F4180AEB622C4EC1B41
428,01010000204F6600008AD300A4FC421E413E7C9A5CB1E31B41
429,01010000204F6600001B5E9CC842C91D4114A90650E44F1B41
430,01010000204F660000E2ED2E3821BB1D41F6B26A83C7041B41
431,01010000204F660000552BD12CD5AC1D414003780B3F951B41
432,01010000204F66000001AE490DE98E1D41EDDD6E8F82A71B41
433,01010000204F66000090F61E1152901D41AD5507DBFACB1B41
434,01010000204F6600002A4E493EE1D41D41539A9FE7B82A1B41
435,01010000204F66000082E537E17BBD1D41B9D8356DEB6E1B41
436,01010000204F66000007616A8D2E6D1C4184ABD594669B1A41
437,01010000204F660000804469EFE0401C4140B4C8F62D2F1A41
438,01010000204F660000CBDB1B1B79891C412A3102011AAE1A41
439,01010000204F660000FC1234BB5CD41D416DF63DE72F261C41
440,01010000204F6600008C11D42917AC1D41E2297C57ECF81B41
441,01010000204F660000181DD2DA7D781E415EF378D338321C41
442,01010000204F66000000F016C8D084214140333373E8031B41
443,01010000204F66000000D6C52D3DAB1E4140BF7D9DE3451C41
444,01010000204F660000004ED191C5911E41C0E8482E1D571C41
445,01010000204F66000040ECC0B9A506204100F46C168BE91C41
446,01010000204F660000009487053A811F4180832FCC57391C41
447,01010000204F66000080CC5D0BBC601F41406EA301B3491D41
448,01010000204F66000080E61DA7545E1F41A04694B6D7901C41
449,01010000204F66000000D9CE37408B1F41C0A223B952191D41
450,01010000204F660000005839B43EF11B4100295C0FECA91C41
451,01010000204F66000080E5616123231F41C0DD24C6282A1D41
452,01010000204F660000000000400D471F418009F9E0C2C31C41
453,01010000204F66000080DA8AFD8D5C1F410044FA6DF6981D41
454,01010000204F66000000DFE0CBF6691B4140EF38055AA31C41
455,01010000204F66000080B4373892601B4180006F41AE6E1C41
456,01010000204F66000080AA6054E09D1B4180E09C113EBB1C41
457,01010000204F66000080696FB0D18D1A41808EE4727BDD1C41
458,01010000204F66000080BA490C6F511A41C0627F19E3CE1C41
459,01010000204F66000000705F4765201A41405227A080D41C41
460,01010000204F660000A0BE9F9A4A072041404BC8C75EFE1D41
461,01010000204F6600000052B8DE9F79204140575B710EBE1D41
462,01010000204F660000404A7B83E6792041805CFE037C831D41
463,01010000204F660000C05F76CF31322041E0915C7E7AA01D41
464,01010000204F66000000F31F92CE5E204180E2C7588C5F1D41
465,01010000204F660000803480F7DCA82041408B6C27263A1D41
466,01010000204F660000606210F855B22041E0285CCF425F1D41
467,01010000204F66000000C9E5DFBFD2204140AF942521561D41
468,01010000204F66000040EC2F9B5B0921418026C28652F31C41
469,01010000204F660000C025E4C34F9020410004564E221E1D41
470,01010000204F66000080BC74F309352041E0A145F6AE301D41
471,01010000204F660000C044D8F02EFF204140D3BC2368B11C41
472,01010000204F66000080416085E54D214180EE5A8294E21A41
473,01010000204F6600000081956361422241802BF65768271C41
474,01010000204F6600008E56BFAB54262241F4791AFEAB361A41
475,01010000204F660000C0D100BE4A27224100C9E5FF262B1C41
476,01010000204F660000806E120315472241409FAB6DA6F91B41
477,01010000204F66000040772D81F8C32241C0718ACEAE6C1C41
478,01010000204F660000A00B244874872041E0CAA1059EF41C41
479,01010000204F66000000151D2908792041A0787A256C5F1C41
480,01010000204F660000803C2C548C092141801D38A734791C41
481,01010000204F66000040302AC9890F224140764F9E50371C41
482,01010000204F6600008E5BF3DC4A40224174E2ABEBBC591A41
483,01010000204F66000040E3A5DBF1162241C0F90F6904931C41
484,01010000204F6600008E4D358C71072341B4B1120166811A41
485,01010000204F660000C0B6621FEE7121412B9D3610D3531A41
486,01010000204F6600000EBF5059F573224174444D826B8E1A41
487,01010000204F6600008E1E5847725C224174D5CB7D71641A41
488,01010000204F660000CE282FCBA3902241F4936B98BDA71A41
489,01010000204F660000801058990AF5214140FDF675F11D1B41
490,01010000204F660000C05D4BC8BD1622410010E937222A1B41
491,01010000204F6600004031088CF648224180787A652A371B41
492,01010000204F660000C015FB0BD65F2241C01E852BC93B1B41
493,01010000204F66000000363CDD058A224140DA1BBC543D1B41
494,01010000204F66000040D8F054B57222410051DA5B65311B41
495,01010000204F66000020EF3865D3A4224140143F46365F1B41
496,01010000204F66000040FC181309DD22418006F05628FE1B41
497,01010000204F660000803C2CB440D622410073D79206371C41
498,01010000204F660000A05E29EB275B224180C1A8A4C0BD1B41
499,01010000204F66000040BD52564833214140840D4F097D1B41
500,01010000204F66000095EA4E2ADC582241AB6563B85A591B41
501,01010000204F660000C0CCCCAC8DCF214140BA49CC99D71B41
502,01010000204F660000E0A8A42EFE91214180029A4815851B41
503,01010000204F660000C0218E5586922141C0DFBE4E6F321B41
504,01010000204F660000A0B96B29618B214140643BDFBE7F1A41
505,01010000204F660000C0270FEB12B5214100A7E8087DA51B41
506,01010000204F6600004033337358A321414007CE19C4681B41
507,01010000204F660000805E294B4A16214180A301FCC8F01B41
508,01010000204F660000803A012D6B8D2041C00968A211B31B41
509,01010000204F66000040BA49AC3D842041C0A145F6EAE91B41
510,01010000204F660000C09DEFC785742041009F3CECF2221C41
511,01010000204F660000009CE94BE1AC1F4115A5985630BC1C41
512,01010000204F660000601361239004204180575B714AF81B41
513,01010000204F660000A0976E12050921416031086C44641B41
514,01010000204F660000C0C56D1447F9204140F38E93C4FF1A41
515,01010000204F66000000DDDA2FF88920416B06A600E8CA1A41
516,01010000204F66000060A4DF7E1E9A2041C0938705C4651B41
517,01010000204F6600004092CB7F0FD520414070CE08C5671A41
518,01010000204F660000202653C543F52041808A8EA424BF1A41
519,01010000204F66000080A3019CEAA120418014AE0787991A41
520,01010000204F66000080AEB642FBF22041C0490CC271651A41
521,01010000204F660000C021B38023102141D5E10EC1416C1A41
522,01010000204F660000A0B740C2027821412083C00A72C31A41
523,01010000204F660000802575625A3621410061C3530C1E1A41
524,01010000204F660000C0C8769E182D2141002DB21D0D571A41
525,01010000204F660000406B9A376D172141006A4D3371671A41
526,01010000204F660000C0C3424D0B2D21410096B28CCB811A41
527,01010000204F6600000EF7B7FD670C224174EE3E956D261A41
528,01010000204F660000CE7B342E6DF4214134A06D4331011A41
529,01010000204F660000CE11E7BAEBC32141941F4741977A1941
530,01010000204F6600000E52FADB35C62141B442913C10B01941
531,01010000204F6600008EAEF8DF06DC2141B4E1CD2827E01941
532,01010000204F6600000ECB74C1D6112241348E59C4D09D1941
533,01010000204F66000080A757AAD9862141C0F528DC66A61541
534,01010000204F660000CE0FBC333EE521417481E8D783741941
535,01010000204F660000C7E12BF3E0B12141FA31CAC102811941
536,01010000204F6600004082B563A191214100F915F91F151941
537,01010000204F660000C0D100DEF01B2041C04F1E167E341A41
538,01010000204F66000080A982717D8420414050FC1883DD1841
539,01010000204F660000E0B88D662AB22041E0C3426DB8031841
540,01010000204F660000273DDDF2EC4F2141BAF737F6A8EF1841
541,01010000204F660000879E0FA8C1F72041DAE1CDA8EFAC1841
542,01010000204F66000080DD93C76F9C2041800D4F2F698A1841
543,01010000204F660000E0A1455622932041A07CD0B3395C1841
544,01010000204F66000080CC5D8B41B22041C09F1A2F24C71841
545,01010000204F66000080787AA5C893204140A8350D83B91841
546,01010000204F660000C0EDA1EA24A320411509AF8AEA8E1841
547,01010000204F6600008E518B5A3AC82041B4BB7AE3A07E1841
548,01010000204F6600000048501C4C242041C03E571B5ED31741
549,01010000204F66000000CCEE29B6B120410024283E29D51741
550,01010000204F660000C79051578EFF2041FA0A99F9774A1841
551,01010000204F6600000EC3A66755102141B4DFA22193361841
552,01010000204F6600000EBC470FE915214174027E1BED251841
553,01010000204F6600004E3CFFEFBC832141342EE3F40FCB1741
554,01010000204F660000E776001DE25921419A2D05F2760B1941
555,01010000204F6600000E3BB2CB2CDE2141B45D2FDBAA071841
556,01010000204F6600004E1A025939F221413421038791121841
557,01010000204F6600004E4E136F15082241743BC3E2F2031841
558,01010000204F66000074EB2474BCFE2141F8DBBB94351E1841
559,01010000204F6600004E97416EF7172241341EFA3C65D41741
560,01010000204F6600004E852D6F582022417418E8A8E91D1841
561,01010000204F6600006E7ECE561B4D2241746FD4D80F3F1841
562,01010000204F6600008E5A15BA253D2241F446E78A8C1F1841
563,01010000204F6600004E799A85D597224174D7F644CA651841
564,01010000204F660000CE79094747772241149DF5B7244F1841
565,01010000204F6600000E4EA4CD11EE2241F4D76546288E1841
566,01010000204F66000007CA054095D922415A4C8ADD73731841
567,01010000204F660000A739F6653CC322413A4EB5A489611841
568,01010000204F660000274133A1159B22417A247B92676F1841
569,01010000204F66000027B6C639D3AD22413A164EA0874C1841
570,01010000204F660000B4790947B9002341F88157D9C2A71841
571,01010000204F660000C09DEFE774B52041401FF46C773C1741
572,01010000204F660000AEA877CA03452241D435B10EB2CC1941
573,01010000204F6600000EEAD76FE0632241F46A0FC9D7BD1941
574,01010000204F6600008E381823D2822241F43829DA56C41941
575,01010000204F660000E73128AC6FC42241BA01A0D87C761941
576,01010000204F660000C089F2DE3AC7224180D2C273CF691A41
577,01010000204F6600008703BA0818AF22415AE01163A5F51941
578,01010000204F6600000E96F4496E512341B4E90AC4104E1941
579,01010000204F6600004ECB52A4EA4D234174B2814297FB1841
580,01010000204F66000007073234D4022341BA37DC15BAD31841
581,01010000204F6600006769B1AD461D23413A529CF16FB11841
582,01010000204F660000007F6A9CF4DA224180567D6E78091641
583,01010000204F660000CE055411352C2241B4AFE779FE671741
584,01010000204F6600008048BFFD9E642141C0567D6E0D771641
585,01010000204F6600004ECD7D6BCE3822413482C69A1F8D1641
586,01010000204F6600008E59C8F574432241B4094C35E2C71641
587,01010000204F6600000E09CC7C84432241F4838220132E1741
588,01010000204F6600008EE73DE7983D224174983028D6371741
589,01010000204F6600008EB7825FD422224134C9C9D241A71741
590,01010000204F6600004E0A19216CC52141B496746240001841
591,01010000204F660000E7A490DD97AE21411A5B26515EDD1741
592,01010000204F66000027CC3007C5B121413A7BF8C0F2FB1741
593,01010000204F660000C04F8D177F9820410044FA6D5D941741
594,01010000204F660000200C93A9927F20412042CF66988E1741
595,01010000204F660000003FC65CCFA52041C0EC9E7C627D1741
596,01010000204F66000040F38E93B5A42041C023B9BC51B91741
597,01010000204F660000D5F83146E3BA2041AB3F359E9B5F1741
598,01010000204F66000000A167F3BFB92141C079C7E93A071541
599,01010000204F660000E0703DCA6969204140B29D2F75721741
600,01010000204F660000A0081B5E39462041607958284C5B1741
601,01010000204F6600000D5989C3733C2041F149888672571741
602,01010000204F660000401136BC53412041C098BB56CD321741
603,01010000204F66000080A3015C960B2041C01058B921111741
604,01010000204F66000080CB7F48AD3C2041405BB13F3FF91641
605,01010000204F660000404BC8474AE9204120E78CE84A2A1741
606,01010000204F66000040BD527655F7204195C42070BA011741
607,01010000204F66000040B4C8761AFC2041003867041CFB1641
608,01010000204F66000040C6DCB5661D214100E3361A1FF01641
609,01010000204F66000040F8C2C414FE2041401136BC73901641
610,01010000204F66000031F8AD3D40FC2041D0C33E1807751641
611,01010000204F660000C0718A4E8840204180EE5AC250B51641
612,01010000204F660000C034EFD8B7992141C04B37C93F871541
613,01010000204F66000040E6AE050D4520414082E2C7A6731641
614,01010000204F660000C0C56D949A41204100DAAC3AC83A1641
615,01010000204F66000040522740FA48204140B9FC8735FC1541
616,01010000204F66000080B5153B98E9204100DDB504653A1641
617,01010000204F660000DE5DD6A59CDF2041A6D058E615F91541
618,01010000204F660000803A014D0044214100D9CE3740F61541
619,01010000204F660000C0FC877458AA2141808A8E6418581541
620,01010000204F660000005D6D6531592141002E90A0BD131641
621,01010000204F660000400681B5CF6E2141002DB21D91141641
622,01010000204F660000001DC945F76E2141809CA263E6421641
623,01010000204F660000805AD33C7E69214100DAAC3A96751641
624,01010000204F6600002C1973528AFD2041CCB77B25FA001641
625,01010000204F660000B4D3D8025D102141ECD80E1A9B4A1641
626,01010000204F66000080666666DD4A2141C032557095981641
627,01010000204F66000040840D4F6A592041406DC53E63BE1541
628,01010000204F66000020AAF17203182241E0490C42958B1541
629,01010000204F660000C08F31F7C5C3214140BD5256B5CF1441
630,01010000204F6600008031778D1DBF2141C066D52717391541
631,01010000204F660000C0B6623F641D214100F9A0276EE81441
632,01010000204F66000040FDF6B52D222141C005125463261541
633,01010000204F660000807571BBA45B2041C0CCCCCC75431541
634,01010000204F660000809CA2E3C42C214140BA494C25611541
635,01010000204F660000C0B662FF744021414007CE99D9861541
636,01010000204F66000000F54A5976792141C0CFD556BABE1541
637,01010000204F660000C0C64B970940214100AE47A148BB1541
638,01010000204F66000069BDFF52C1BD204118F3189185DF1541
639,01010000204F660000806132D5B6EF1F41C0BFEC1E97481441
640,01010000204F660000806666669EB421414090A0F8A5131441
641,01010000204F66000040B6F39D312B214140575B7124B51441
642,01010000204F66000040B4C8F66DC3214140423EE8588F1441
643,01010000204F66000080C729FA4FC72141C064AA20F0471441
644,01010000204F66000080BB963019BF2141C0270FCBFE2B1441
645,01010000204F6600008048BF3D92DF2141C0A145F6A8221441
646,01010000204F6600008065884300AE214140D8F074B7291441
647,01010000204F660000C05D4BE816942141808863DDC8321441
648,01010000204F660000803BDF8F8F0F2241408716D9DBFC1341
649,01010000204F660000E06D34E07D06214120C9E57FA0381341
650,01010000204F660000008D28ED277621418031772DDB2D1441
651,01010000204F6600000020D2AFE5A62141406DC5FEA4E41341
652,01010000204F66000000FCA9913FF72141C035CD7B200C1441
653,01010000204F66000000BADAAAB0352241406B9AF7DFAB1541
654,01010000204F66000000A54E60F04C224140B6F3FD29CC1541
655,01010000204F66000020FED478818B224120D34D2241F71541
656,01010000204F66000000BC051219072241C07F483F609E1241
657,01010000204F660000009A085B8CA6224100166A0D05ED1541
658,01010000204F66000000E9B70F5A1F2241804469AFF0C11241
659,01010000204F660000004FAFB48D1D2241C03D7918897B1341
660,01010000204F66000080D93D190BBF2241806666E63C091641
661,01010000204F6600000004566EEDE32141406C78FA0B9A1241
662,01010000204F660000803A012D8F1F22414031086C27551341
663,01010000204F66000060DF4F0D5926224180F6069F0AF81241
664,01010000204F660000803F353E8A202241004C3749F8301341
665,01010000204F66000020D9CE17AF38224180931844D84D1341
666,01010000204F660000C01B7C817E142241004D84CD9BE41341
667,01010000204F660000E09BC4A0E46122412098DD13C39C1341
668,01010000204F660000C003E72C9BA222414096214E4BC11341
669,01010000204F660000C0EC9EDC1917224180787A654EAA1341
670,01010000204F660000C07493585AAD224140B6F3FD0CFD1341
671,01010000204F66000000371A40F8822241402575C2DCA31341
672,01010000204F6600000098DD5310972141A018041607C01341
673,01010000204F66000040BA490C3B50214100143F06B4631341
674,01010000204F66000000B5A6B9DD22214180787AE540D91241
675,01010000204F660000C068916D24E4204180BB96107ADC1241
676,01010000204F660000E08173863F612141E078E966587F1341
677,01010000204F660000005839B42E312141C0BFEC5E07061341
678,01010000204F66000060DF4F2D5AA920414054E3A559941241
679,01010000204F66000040F163ECC02D214120A8C60B12921341
680,01010000204F66000080D5E74A2F402141C0B12E6E0B361341
681,01010000204F660000405C8FA20B41214180B3EA33017E1341
682,01010000204F660000801F636E952F2141406EA381890B1341
683,01010000204F66000040CA32E4A719214180FF903E94661341
684,01010000204F6600000088F47B328B2041C04082228E751241
685,01010000204F660000C025E443815720418009F9E041281241
686,01010000204F660000C0A0F83194B520410044FAAD9B9E1241
687,01010000204F660000806666C6A83F204180A1D674EFFF1141
688,01010000204F66000040D3BC839473204140E483DE6A501241
689,01010000204F66000000B8AF436A372041C0AF03677AD01141
690,01010000204F660000C0073D1BC9322041404BC8C7E5A31141
691,01010000204F66000000F016287032204140E8D9EC29741141
692,01010000204F66000080AEB6E201891D4180438B6C5CDC1241
693,01010000204F660000C023B9FCF57B214180D712B2C0F41B41
694,01010000204F660000001A519A77801741C04B3709FBEC1841
695,01010000204F66000000E9B72F2195214100AE47A10C561B41
696,01010000204F66000040A9135087FD214180F0850905C71C41
697,01010000204F660000002CD45A288E1B418058A8B50A581741
698,01010000204F66000080C729FA70151C414082E2C75A5A1A41
699,01010000204F6600008045B6F3F1A21E41008C4AAAE7791341
700,01010000204F660000801E16EA891C1C4100B7D14066901541
701,01010000204F6600000039D68532E71F4180EBE2F6B61F1B41
702,01010000204F660000C0915CDE6EFB20418024973F0A451D41
703,01010000204F66000040A392FAC8A61F41005E4B08EC191B41
704,01010000204F6600000020D26F061F1D41002DB21D162C1541
705,01010000204F660000004ED19151A2194180DB6800EEEF1C41
706,01010000204F66000000CB10071A7F194180006F4124F41C41
707,01010000204F66000000A4DFBE23C81D4180B20C31EA991241
708,01010000204F6600008028ED4D1E3F1E41C08AFDA5AA291341
709,01010000204F66000000AC1C9AC6561B41007D3FB589671541
710,01010000204F66000080BE9F5ADA981941808CB96B04631A41
711,01010000204F6600000031082CD0671E41C04603B82D171541
712,01010000204F660000805E290B24681B4140674429279D1741
713,01010000204F660000000EBE702D521F4100C3642A071B1741
714,01010000204F660000804013E16FC71F4140575BB16FC11741
715,01010000204F66000080F6285CEC931B41803D799833C71441
716,01010000204F660000005530AAFA7C1D4180567DAE838D1641
717,01010000204F660000006D563D65BA1C418088631DB3E31741
718,01010000204F66000080696FB092E31B418080260290811441
719,01010000204F660000800512946F891B4180E2C7D875CD1541
720,01010000204F66000080B6F3BD4A801B41807EFB3A0A811641
721,01010000204F660000006A4D3364871B4140A8350D0AE31541
722,01010000204F6600008030992A3BB81841C0AACF5596E01941
723,01010000204F66000000A089F0AC6E1841C0506B1AD6681941
724,01010000204F660000000C9369C94C1E4100AE47A1EAF01841
725,01010000204F66000080218E35B6DC1E41C00C716C05311841
726,01010000204F66000000A9A48ECDBE1F4140BA49CC4C1C1B41
727,01010000204F660000806B9A77B2971F41809318C4041F1941
728,01010000204F660000801283007DF61D41000BB5A67C391C41
729,01010000204F66000080F3FDD4F18B1E410068226C4D451C41
730,01010000204F6600004E9741EEFC282341F44E246649B51A41
731,01010000204F660000D50537BF55D12041D58D06B05B7A1A41
732,01010000204F660000C012F2C1E201204100EBE2F62D351441
