source_table,source_row_id,source_date,geo_attach_mode,geo_ref,code_parametre_canonique,parametre_standard_metier,valeur_brute,valeur_preparee,unite_finale,flags_qa
raw_barrages_abhs,1,,GEO_SCOPE_VALIDATED,,MONTANT_MD,Montant_MD,216,216.0,Millions Dirhams,QA_REQUIRED | UNIT_ASSUMED
raw_barrages_abhs,1,,GEO_SCOPE_VALIDATED,,HAUTEUR,Hauteur,18,18.0,m,QA_REQUIRED | UNIT_ASSUMED
raw_barrages_abhs,1,,GEO_SCOPE_VALIDATED,,APPORTS_HM3,Apports_hm3,0,0.0,Mm³,QA_REQUIRED | UNIT_ASSUMED
raw_barrages_abhs,1,,GEO_SCOPE_VALIDATED,,VOLUME,Volume,40,40.0,Mm³,
raw_barrages_abhs,10,,GEO_SCOPE_VALIDATED,,MONTANT_MD,Montant_MD,1100,1100.0,Millions Dirhams,QA_REQUIRED | UNIT_ASSUMED
raw_barrages_abhs,10,,GEO_SCOPE_VALIDATED,,APPORTS_HM3,Apports_hm3,250,250.0,Mm³,QA_REQUIRED | UNIT_ASSUMED
raw_barrages_abhs,10,,GEO_SCOPE_VALIDATED,,VOLUME,Volume,510,510.0,Mm³,
raw_barrages_abhs,10,,GEO_SCOPE_VALIDATED,,HAUTEUR,Hauteur,98,98.0,m,QA_REQUIRED | UNIT_ASSUMED
raw_barrages_abhs,11,,GEO_SCOPE_VALIDATED,,MONTANT_MD,Montant_MD,100,100.0,Millions Dirhams,QA_REQUIRED | UNIT_ASSUMED
raw_barrages_abhs,11,,GEO_SCOPE_VALIDATED,,HAUTEUR,Hauteur,112,112.0,m,QA_REQUIRED | UNIT_ASSUMED
raw_barrages_abhs,11,,GEO_SCOPE_VALIDATED,,VOLUME,Volume,317,317.0,Mm³,
raw_barrages_abhs,11,,GEO_SCOPE_VALIDATED,,APPORTS_HM3,Apports_hm3,154,154.0,Mm³,QA_REQUIRED | UNIT_ASSUMED
raw_barrages_abhs,2,,GEO_SCOPE_VALIDATED,,APPORTS_HM3,Apports_hm3,217,217.0,Mm³,QA_REQUIRED | UNIT_ASSUMED
raw_barrages_abhs,2,,GEO_SCOPE_VALIDATED,,VOLUME,Volume,266,266.0,Mm³,
raw_barrages_abhs,2,,GEO_SCOPE_VALIDATED,,HAUTEUR,Hauteur,68,68.0,m,QA_REQUIRED | UNIT_ASSUMED
raw_barrages_abhs,2,,GEO_SCOPE_VALIDATED,,MONTANT_MD,Montant_MD,860,860.0,Millions Dirhams,QA_REQUIRED | UNIT_ASSUMED
raw_barrages_abhs,23,,GEO_SCOPE_VALIDATED,,APPORTS_HM3,Apports_hm3,303,303.0,Mm³,QA_REQUIRED | UNIT_ASSUMED
raw_barrages_abhs,23,,GEO_SCOPE_VALIDATED,,VOLUME,Volume,500,500.0,Mm³,
raw_barrages_abhs,23,,GEO_SCOPE_VALIDATED,,MONTANT_MD,Montant_MD,950,950.0,Millions Dirhams,QA_REQUIRED | UNIT_ASSUMED
raw_barrages_abhs,23,,GEO_SCOPE_VALIDATED,,HAUTEUR,Hauteur,0,0.0,m,QA_REQUIRED | UNIT_ASSUMED
raw_barrages_abhs,3,,GEO_SCOPE_VALIDATED,,VOLUME,Volume,170,170.0,Mm³,
raw_barrages_abhs,3,,GEO_SCOPE_VALIDATED,,MONTANT_MD,Montant_MD,395,395.0,Millions Dirhams,QA_REQUIRED | UNIT_ASSUMED
raw_barrages_abhs,3,,GEO_SCOPE_VALIDATED,,HAUTEUR,Hauteur,60,60.0,m,QA_REQUIRED | UNIT_ASSUMED
raw_barrages_abhs,3,,GEO_SCOPE_VALIDATED,,APPORTS_HM3,Apports_hm3,156,156.0,Mm³,QA_REQUIRED | UNIT_ASSUMED
raw_barrages_abhs,4,,GEO_SCOPE_VALIDATED,,HAUTEUR,Hauteur,88,88.0,m,QA_REQUIRED | UNIT_ASSUMED
raw_barrages_abhs,4,,GEO_SCOPE_VALIDATED,,APPORTS_HM3,Apports_hm3,0,0.0,Mm³,QA_REQUIRED | UNIT_ASSUMED
raw_barrages_abhs,4,,GEO_SCOPE_VALIDATED,,MONTANT_MD,Montant_MD,9366,9366.0,Millions Dirhams,QA_REQUIRED | UNIT_ASSUMED
raw_barrages_abhs,4,,GEO_SCOPE_VALIDATED,,VOLUME,Volume,3800,3800.0,Mm³,
raw_barrages_abhs,5,,GEO_SCOPE_VALIDATED,,APPORTS_HM3,Apports_hm3,0,0.0,Mm³,QA_REQUIRED | UNIT_ASSUMED
raw_barrages_abhs,5,,GEO_SCOPE_VALIDATED,,MONTANT_MD,Montant_MD,400,400.0,Millions Dirhams,QA_REQUIRED | UNIT_ASSUMED
raw_barrages_abhs,5,,GEO_SCOPE_VALIDATED,,VOLUME,Volume,81.5,81.5,Mm³,
raw_barrages_abhs,5,,GEO_SCOPE_VALIDATED,,HAUTEUR,Hauteur,67,67.0,m,QA_REQUIRED | UNIT_ASSUMED
raw_barrages_abhs,6,,GEO_SCOPE_VALIDATED,,APPORTS_HM3,Apports_hm3,303,303.0,Mm³,QA_REQUIRED | UNIT_ASSUMED
raw_barrages_abhs,6,,GEO_SCOPE_VALIDATED,,HAUTEUR,Hauteur,55,55.0,m,QA_REQUIRED | UNIT_ASSUMED
raw_barrages_abhs,6,,GEO_SCOPE_VALIDATED,,VOLUME,Volume,55.5,55.5,Mm³,
raw_barrages_abhs,6,,GEO_SCOPE_VALIDATED,,MONTANT_MD,Montant_MD,154,154.0,Millions Dirhams,QA_REQUIRED | UNIT_ASSUMED
raw_barrages_abhs,7,,GEO_SCOPE_VALIDATED,,VOLUME,Volume,1186,1186.0,Mm³,
raw_barrages_abhs,7,,GEO_SCOPE_VALIDATED,,APPORTS_HM3,Apports_hm3,0,0.0,Mm³,QA_REQUIRED | UNIT_ASSUMED
raw_barrages_abhs,7,,GEO_SCOPE_VALIDATED,,MONTANT_MD,Montant_MD,450,450.0,Millions Dirhams,QA_REQUIRED | UNIT_ASSUMED
raw_barrages_abhs,7,,GEO_SCOPE_VALIDATED,,HAUTEUR,Hauteur,72,72.0,m,QA_REQUIRED | UNIT_ASSUMED
raw_barrages_abhs,8,,GEO_SCOPE_VALIDATED,,HAUTEUR,Hauteur,55,55.0,m,QA_REQUIRED | UNIT_ASSUMED
raw_barrages_abhs,8,,GEO_SCOPE_VALIDATED,,APPORTS_HM3,Apports_hm3,56,56.0,Mm³,QA_REQUIRED | UNIT_ASSUMED
raw_barrages_abhs,8,,GEO_SCOPE_VALIDATED,,MONTANT_MD,Montant_MD,91.35,91.35,Millions Dirhams,QA_REQUIRED | UNIT_ASSUMED
raw_barrages_abhs,8,,GEO_SCOPE_VALIDATED,,VOLUME,Volume,62,62.0,Mm³,
raw_barrages_abhs,9,,GEO_SCOPE_VALIDATED,,APPORTS_HM3,Apports_hm3,23.4,23.4,Mm³,QA_REQUIRED | UNIT_ASSUMED
raw_barrages_abhs,9,,GEO_SCOPE_VALIDATED,,VOLUME,Volume,37,37.0,Mm³,
raw_barrages_abhs,9,,GEO_SCOPE_VALIDATED,,MONTANT_MD,Montant_MD,31.5,31.5,Millions Dirhams,QA_REQUIRED | UNIT_ASSUMED
raw_barrages_abhs,9,,GEO_SCOPE_VALIDATED,,HAUTEUR,Hauteur,55,55.0,m,QA_REQUIRED | UNIT_ASSUMED
raw_bathymetries_barrages_abhs,1182/9_1,,GEO_SCOPE_VALIDATED,,HAUTEUR,Hauteur,106.5,106.5,m,
raw_bathymetries_barrages_abhs,1182/9_1,,GEO_SCOPE_VALIDATED,,VOLUME,Volume,0,0.0,Mm³,
raw_bathymetries_barrages_abhs,1182/9_1,,GEO_SCOPE_VALIDATED,,SUPERFICIE_KM2,Superficie_km2,0,0.0,km²,
raw_bathymetries_barrages_abhs,1182/9_10,,GEO_SCOPE_VALIDATED,,VOLUME,Volume,0,0.0,Mm³,
raw_bathymetries_barrages_abhs,1182/9_10,,GEO_SCOPE_VALIDATED,,SUPERFICIE_KM2,Superficie_km2,0.001,0.001,km²,
raw_bathymetries_barrages_abhs,1182/9_10,,GEO_SCOPE_VALIDATED,,HAUTEUR,Hauteur,106.59,106.59,m,
raw_bathymetries_barrages_abhs,1182/9_100,,GEO_SCOPE_VALIDATED,,HAUTEUR,Hauteur,107.49,107.49,m,
raw_bathymetries_barrages_abhs,1182/9_100,,GEO_SCOPE_VALIDATED,,VOLUME,Volume,0.015,0.015,Mm³,
raw_bathymetries_barrages_abhs,1182/9_100,,GEO_SCOPE_VALIDATED,,SUPERFICIE_KM2,Superficie_km2,0.044,0.044,km²,
raw_bathymetries_barrages_abhs,1182/9_1000,,GEO_SCOPE_VALIDATED,,VOLUME,Volume,107.961,107.961,Mm³,
raw_bathymetries_barrages_abhs,1182/9_1000,,GEO_SCOPE_VALIDATED,,SUPERFICIE_KM2,Superficie_km2,23.057,23.057,km²,
raw_bathymetries_barrages_abhs,1182/9_1000,,GEO_SCOPE_VALIDATED,,HAUTEUR,Hauteur,116.49,116.49,m,
raw_bathymetries_barrages_abhs,1182/9_1001,,GEO_SCOPE_VALIDATED,,SUPERFICIE_KM2,Superficie_km2,23.076,23.076,km²,
raw_bathymetries_barrages_abhs,1182/9_1001,,GEO_SCOPE_VALIDATED,,HAUTEUR,Hauteur,116.5,116.5,m,
raw_bathymetries_barrages_abhs,1182/9_1001,,GEO_SCOPE_VALIDATED,,VOLUME,Volume,108.192,108.192,Mm³,
raw_bathymetries_barrages_abhs,1182/9_1002,,GEO_SCOPE_VALIDATED,,VOLUME,Volume,108.423,108.423,Mm³,
raw_bathymetries_barrages_abhs,1182/9_1002,,GEO_SCOPE_VALIDATED,,SUPERFICIE_KM2,Superficie_km2,23.092,23.092,km²,
raw_bathymetries_barrages_abhs,1182/9_1002,,GEO_SCOPE_VALIDATED,,HAUTEUR,Hauteur,116.51,116.51,m,
raw_bathymetries_barrages_abhs,1182/9_1003,,GEO_SCOPE_VALIDATED,,SUPERFICIE_KM2,Superficie_km2,23.108,2300000000.0,km²,SCIENTIFIC_NOTATION_CONVERTED
raw_bathymetries_barrages_abhs,1182/9_1003,,GEO_SCOPE_VALIDATED,,HAUTEUR,Hauteur,116.52,116.52,m,
raw_bathymetries_barrages_abhs,1182/9_1003,,GEO_SCOPE_VALIDATED,,VOLUME,Volume,108.654,108.654,Mm³,
raw_bathymetries_barrages_abhs,1182/9_1004,,GEO_SCOPE_VALIDATED,,VOLUME,Volume,108.885,108.885,Mm³,
raw_bathymetries_barrages_abhs,1182/9_1004,,GEO_SCOPE_VALIDATED,,SUPERFICIE_KM2,Superficie_km2,23.124,23.124,km²,
raw_bathymetries_barrages_abhs,1182/9_1004,,GEO_SCOPE_VALIDATED,,HAUTEUR,Hauteur,116.53,116.53,m,
raw_bathymetries_barrages_abhs,1182/9_1005,,GEO_SCOPE_VALIDATED,,SUPERFICIE_KM2,Superficie_km2,23.14,23.14,km²,
raw_bathymetries_barrages_abhs,1182/9_1005,,GEO_SCOPE_VALIDATED,,HAUTEUR,Hauteur,116.54,116.54,m,
raw_bathymetries_barrages_abhs,1182/9_1005,,GEO_SCOPE_VALIDATED,,VOLUME,Volume,109.116,109.116,Mm³,
raw_bathymetries_barrages_abhs,1182/9_1006,,GEO_SCOPE_VALIDATED,,VOLUME,Volume,109.348,109.348,Mm³,
raw_bathymetries_barrages_abhs,1182/9_1006,,GEO_SCOPE_VALIDATED,,SUPERFICIE_KM2,Superficie_km2,23.157,23.157,km²,
raw_bathymetries_barrages_abhs,1182/9_1006,,GEO_SCOPE_VALIDATED,,HAUTEUR,Hauteur,116.55,116.55,m,
raw_bathymetries_barrages_abhs,1182/9_1007,,GEO_SCOPE_VALIDATED,,HAUTEUR,Hauteur,116.56,116.56,m,
raw_bathymetries_barrages_abhs,1182/9_1007,,GEO_SCOPE_VALIDATED,,SUPERFICIE_KM2,Superficie_km2,23.173,23.173,km²,
raw_bathymetries_barrages_abhs,1182/9_1007,,GEO_SCOPE_VALIDATED,,VOLUME,Volume,109.58,109.58,Mm³,
raw_bathymetries_barrages_abhs,1182/9_1008,,GEO_SCOPE_VALIDATED,,VOLUME,Volume,109.811,109.811,Mm³,
raw_bathymetries_barrages_abhs,1182/9_1008,,GEO_SCOPE_VALIDATED,,HAUTEUR,Hauteur,116.57,116.57,m,
raw_bathymetries_barrages_abhs,1182/9_1008,,GEO_SCOPE_VALIDATED,,SUPERFICIE_KM2,Superficie_km2,23.19,23.19,km²,
raw_bathymetries_barrages_abhs,1182/9_1009,,GEO_SCOPE_VALIDATED,,HAUTEUR,Hauteur,116.58,116.58,m,
raw_bathymetries_barrages_abhs,1182/9_1009,,GEO_SCOPE_VALIDATED,,SUPERFICIE_KM2,Superficie_km2,23.206,23.206,km²,
raw_bathymetries_barrages_abhs,1182/9_1009,,GEO_SCOPE_VALIDATED,,VOLUME,Volume,110.043,110.043,Mm³,
raw_bathymetries_barrages_abhs,1182/9_101,,GEO_SCOPE_VALIDATED,,SUPERFICIE_KM2,Superficie_km2,0.045,0.045,km²,
raw_bathymetries_barrages_abhs,1182/9_101,,GEO_SCOPE_VALIDATED,,VOLUME,Volume,0.015,0.015,Mm³,
raw_bathymetries_barrages_abhs,1182/9_101,,GEO_SCOPE_VALIDATED,,HAUTEUR,Hauteur,107.5,107.5,m,
raw_bathymetries_barrages_abhs,1182/9_1010,,GEO_SCOPE_VALIDATED,,HAUTEUR,Hauteur,116.59,116.59,m,
raw_bathymetries_barrages_abhs,1182/9_1010,,GEO_SCOPE_VALIDATED,,SUPERFICIE_KM2,Superficie_km2,23.222,23.222,km²,
raw_bathymetries_barrages_abhs,1182/9_1010,,GEO_SCOPE_VALIDATED,,VOLUME,Volume,110.275,110.275,Mm³,
raw_bathymetries_barrages_abhs,1182/9_1011,,GEO_SCOPE_VALIDATED,,VOLUME,Volume,110.508,110.508,Mm³,
raw_bathymetries_barrages_abhs,1182/9_1011,,GEO_SCOPE_VALIDATED,,SUPERFICIE_KM2,Superficie_km2,23.239,23.239,km²,
raw_bathymetries_barrages_abhs,1182/9_1011,,GEO_SCOPE_VALIDATED,,HAUTEUR,Hauteur,116.6,116.6,m,
raw_bathymetries_barrages_abhs,1182/9_1012,,GEO_SCOPE_VALIDATED,,SUPERFICIE_KM2,Superficie_km2,23.256,23.256,km²,
raw_bathymetries_barrages_abhs,1182/9_1012,,GEO_SCOPE_VALIDATED,,HAUTEUR,Hauteur,116.61,116.61,m,
raw_bathymetries_barrages_abhs,1182/9_1012,,GEO_SCOPE_VALIDATED,,VOLUME,Volume,110.74,110.74,Mm³,
raw_bathymetries_barrages_abhs,1182/9_1013,,GEO_SCOPE_VALIDATED,,VOLUME,Volume,110.973,110.973,Mm³,
raw_bathymetries_barrages_abhs,1182/9_1013,,GEO_SCOPE_VALIDATED,,SUPERFICIE_KM2,Superficie_km2,23.272,23.272,km²,
raw_bathymetries_barrages_abhs,1182/9_1013,,GEO_SCOPE_VALIDATED,,HAUTEUR,Hauteur,116.62,116.62,m,
raw_bathymetries_barrages_abhs,1182/9_1014,,GEO_SCOPE_VALIDATED,,HAUTEUR,Hauteur,116.63,116.63,m,
raw_bathymetries_barrages_abhs,1182/9_1014,,GEO_SCOPE_VALIDATED,,SUPERFICIE_KM2,Superficie_km2,23.289,23.289,km²,
raw_bathymetries_barrages_abhs,1182/9_1014,,GEO_SCOPE_VALIDATED,,VOLUME,Volume,111.206,111.206,Mm³,
raw_bathymetries_barrages_abhs,1182/9_1015,,GEO_SCOPE_VALIDATED,,VOLUME,Volume,111.439,111.439,Mm³,
raw_bathymetries_barrages_abhs,1182/9_1015,,GEO_SCOPE_VALIDATED,,HAUTEUR,Hauteur,116.64,116.64,m,
raw_bathymetries_barrages_abhs,1182/9_1015,,GEO_SCOPE_VALIDATED,,SUPERFICIE_KM2,Superficie_km2,23.306,23.306,km²,
raw_bathymetries_barrages_abhs,1182/9_1016,,GEO_SCOPE_VALIDATED,,HAUTEUR,Hauteur,116.65,116.65,m,
raw_bathymetries_barrages_abhs,1182/9_1016,,GEO_SCOPE_VALIDATED,,SUPERFICIE_KM2,Superficie_km2,23.322,23.322,km²,
raw_bathymetries_barrages_abhs,1182/9_1016,,GEO_SCOPE_VALIDATED,,VOLUME,Volume,111.672,111.672,Mm³,
raw_bathymetries_barrages_abhs,1182/9_1017,,GEO_SCOPE_VALIDATED,,VOLUME,Volume,111.905,111.905,Mm³,
raw_bathymetries_barrages_abhs,1182/9_1017,,GEO_SCOPE_VALIDATED,,SUPERFICIE_KM2,Superficie_km2,23.339,23.339,km²,
raw_bathymetries_barrages_abhs,1182/9_1017,,GEO_SCOPE_VALIDATED,,HAUTEUR,Hauteur,116.66,116.66,m,
raw_bathymetries_barrages_abhs,1182/9_1018,,GEO_SCOPE_VALIDATED,,HAUTEUR,Hauteur,116.67,116.67,m,
raw_bathymetries_barrages_abhs,1182/9_1018,,GEO_SCOPE_VALIDATED,,SUPERFICIE_KM2,Superficie_km2,23.356,23.356,km²,
raw_bathymetries_barrages_abhs,1182/9_1018,,GEO_SCOPE_VALIDATED,,VOLUME,Volume,112.138,112.138,Mm³,
raw_bathymetries_barrages_abhs,1182/9_1019,,GEO_SCOPE_VALIDATED,,VOLUME,Volume,112.372,112.372,Mm³,
raw_bathymetries_barrages_abhs,1182/9_1019,,GEO_SCOPE_VALIDATED,,SUPERFICIE_KM2,Superficie_km2,23.373,23.373,km²,
raw_bathymetries_barrages_abhs,1182/9_1019,,GEO_SCOPE_VALIDATED,,HAUTEUR,Hauteur,116.68,116.68,m,
raw_bathymetries_barrages_abhs,1182/9_102,,GEO_SCOPE_VALIDATED,,HAUTEUR,Hauteur,107.51,107.51,m,
raw_bathymetries_barrages_abhs,1182/9_102,,GEO_SCOPE_VALIDATED,,VOLUME,Volume,0.016,0.016,Mm³,
raw_bathymetries_barrages_abhs,1182/9_102,,GEO_SCOPE_VALIDATED,,SUPERFICIE_KM2,Superficie_km2,0.049,0.049,km²,
raw_bathymetries_barrages_abhs,1182/9_1020,,GEO_SCOPE_VALIDATED,,VOLUME,Volume,112.606,112.606,Mm³,
raw_bathymetries_barrages_abhs,1182/9_1020,,GEO_SCOPE_VALIDATED,,SUPERFICIE_KM2,Superficie_km2,23.39,23.39,km²,
raw_bathymetries_barrages_abhs,1182/9_1020,,GEO_SCOPE_VALIDATED,,HAUTEUR,Hauteur,116.69,116.69,m,
raw_bathymetries_barrages_abhs,1182/9_1021,,GEO_SCOPE_VALIDATED,,SUPERFICIE_KM2,Superficie_km2,23.407,23.407,km²,
raw_bathymetries_barrages_abhs,1182/9_1021,,GEO_SCOPE_VALIDATED,,HAUTEUR,Hauteur,116.7,116.7,m,
raw_bathymetries_barrages_abhs,1182/9_1021,,GEO_SCOPE_VALIDATED,,VOLUME,Volume,112.84,112.84,Mm³,
raw_bathymetries_barrages_abhs,1182/9_1022,,GEO_SCOPE_VALIDATED,,VOLUME,Volume,113.074,113.074,Mm³,
raw_bathymetries_barrages_abhs,1182/9_1022,,GEO_SCOPE_VALIDATED,,HAUTEUR,Hauteur,116.71,116.71,m,
raw_bathymetries_barrages_abhs,1182/9_1022,,GEO_SCOPE_VALIDATED,,SUPERFICIE_KM2,Superficie_km2,23.424,23.424,km²,
raw_bathymetries_barrages_abhs,1182/9_1023,,GEO_SCOPE_VALIDATED,,HAUTEUR,Hauteur,116.72,116.72,m,
raw_bathymetries_barrages_abhs,1182/9_1023,,GEO_SCOPE_VALIDATED,,SUPERFICIE_KM2,Superficie_km2,23.441,23.441,km²,
raw_bathymetries_barrages_abhs,1182/9_1023,,GEO_SCOPE_VALIDATED,,VOLUME,Volume,113.308,113.308,Mm³,
raw_bathymetries_barrages_abhs,1182/9_1024,,GEO_SCOPE_VALIDATED,,VOLUME,Volume,113.543,113.543,Mm³,
raw_bathymetries_barrages_abhs,1182/9_1024,,GEO_SCOPE_VALIDATED,,SUPERFICIE_KM2,Superficie_km2,23.458,23.458,km²,
raw_bathymetries_barrages_abhs,1182/9_1024,,GEO_SCOPE_VALIDATED,,HAUTEUR,Hauteur,116.73,116.73,m,
raw_bathymetries_barrages_abhs,1182/9_1025,,GEO_SCOPE_VALIDATED,,SUPERFICIE_KM2,Superficie_km2,23.476,23.476,km²,
raw_bathymetries_barrages_abhs,1182/9_1025,,GEO_SCOPE_VALIDATED,,HAUTEUR,Hauteur,116.74,116.74,m,
raw_bathymetries_barrages_abhs,1182/9_1025,,GEO_SCOPE_VALIDATED,,VOLUME,Volume,113.778,113.778,Mm³,
raw_bathymetries_barrages_abhs,1182/9_1026,,GEO_SCOPE_VALIDATED,,VOLUME,Volume,114.012,114.012,Mm³,
raw_bathymetries_barrages_abhs,1182/9_1026,,GEO_SCOPE_VALIDATED,,SUPERFICIE_KM2,Superficie_km2,23.493,23.493,km²,
raw_bathymetries_barrages_abhs,1182/9_1026,,GEO_SCOPE_VALIDATED,,HAUTEUR,Hauteur,116.75,116.75,m,
raw_bathymetries_barrages_abhs,1182/9_1027,,GEO_SCOPE_VALIDATED,,SUPERFICIE_KM2,Superficie_km2,23.51,23.51,km²,
raw_bathymetries_barrages_abhs,1182/9_1027,,GEO_SCOPE_VALIDATED,,HAUTEUR,Hauteur,116.76,116.76,m,
raw_bathymetries_barrages_abhs,1182/9_1027,,GEO_SCOPE_VALIDATED,,VOLUME,Volume,114.248,114.248,Mm³,
raw_bathymetries_barrages_abhs,1182/9_1028,,GEO_SCOPE_VALIDATED,,VOLUME,Volume,114.483,114.483,Mm³,
raw_bathymetries_barrages_abhs,1182/9_1028,,GEO_SCOPE_VALIDATED,,SUPERFICIE_KM2,Superficie_km2,23.527,23.527,km²,
raw_bathymetries_barrages_abhs,1182/9_1028,,GEO_SCOPE_VALIDATED,,HAUTEUR,Hauteur,116.77,116.77,m,
raw_bathymetries_barrages_abhs,1182/9_1029,,GEO_SCOPE_VALIDATED,,HAUTEUR,Hauteur,116.78,116.78,m,
raw_bathymetries_barrages_abhs,1182/9_1029,,GEO_SCOPE_VALIDATED,,SUPERFICIE_KM2,Superficie_km2,23.545,23.545,km²,
raw_bathymetries_barrages_abhs,1182/9_1029,,GEO_SCOPE_VALIDATED,,VOLUME,Volume,114.718,114.718,Mm³,
raw_bathymetries_barrages_abhs,1182/9_103,,GEO_SCOPE_VALIDATED,,VOLUME,Volume,0.016,0.016,Mm³,
raw_bathymetries_barrages_abhs,1182/9_103,,GEO_SCOPE_VALIDATED,,SUPERFICIE_KM2,Superficie_km2,0.054,0.054,km²,
raw_bathymetries_barrages_abhs,1182/9_103,,GEO_SCOPE_VALIDATED,,HAUTEUR,Hauteur,107.52,107.52,m,
raw_bathymetries_barrages_abhs,1182/9_1030,,GEO_SCOPE_VALIDATED,,HAUTEUR,Hauteur,116.79,116.79,m,
raw_bathymetries_barrages_abhs,1182/9_1030,,GEO_SCOPE_VALIDATED,,SUPERFICIE_KM2,Superficie_km2,23.562,23.562,km²,
raw_bathymetries_barrages_abhs,1182/9_1030,,GEO_SCOPE_VALIDATED,,VOLUME,Volume,114.954,114.954,Mm³,
raw_bathymetries_barrages_abhs,1182/9_1031,,GEO_SCOPE_VALIDATED,,VOLUME,Volume,115.189,115.189,Mm³,
raw_bathymetries_barrages_abhs,1182/9_1031,,GEO_SCOPE_VALIDATED,,SUPERFICIE_KM2,Superficie_km2,23.58,23.58,km²,
raw_bathymetries_barrages_abhs,1182/9_1031,,GEO_SCOPE_VALIDATED,,HAUTEUR,Hauteur,116.8,116.8,m,
raw_bathymetries_barrages_abhs,1182/9_1032,,GEO_SCOPE_VALIDATED,,HAUTEUR,Hauteur,116.81,116.81,m,
raw_bathymetries_barrages_abhs,1182/9_1032,,GEO_SCOPE_VALIDATED,,SUPERFICIE_KM2,Superficie_km2,23.597,23.597,km²,
raw_bathymetries_barrages_abhs,1182/9_1032,,GEO_SCOPE_VALIDATED,,VOLUME,Volume,115.425,115.425,Mm³,
raw_bathymetries_barrages_abhs,1182/9_1033,,GEO_SCOPE_VALIDATED,,VOLUME,Volume,115.661,115.661,Mm³,
raw_bathymetries_barrages_abhs,1182/9_1033,,GEO_SCOPE_VALIDATED,,HAUTEUR,Hauteur,116.82,116.82,m,
raw_bathymetries_barrages_abhs,1182/9_1033,,GEO_SCOPE_VALIDATED,,SUPERFICIE_KM2,Superficie_km2,23.615,23.615,km²,
raw_bathymetries_barrages_abhs,1182/9_1034,,GEO_SCOPE_VALIDATED,,SUPERFICIE_KM2,Superficie_km2,23.632,23.632,km²,
raw_bathymetries_barrages_abhs,1182/9_1034,,GEO_SCOPE_VALIDATED,,HAUTEUR,Hauteur,116.83,116.83,m,
raw_bathymetries_barrages_abhs,1182/9_1034,,GEO_SCOPE_VALIDATED,,VOLUME,Volume,115.897,115.897,Mm³,
raw_bathymetries_barrages_abhs,1182/9_1035,,GEO_SCOPE_VALIDATED,,VOLUME,Volume,116.134,116.134,Mm³,
raw_bathymetries_barrages_abhs,1182/9_1035,,GEO_SCOPE_VALIDATED,,SUPERFICIE_KM2,Superficie_km2,23.65,23.65,km²,
raw_bathymetries_barrages_abhs,1182/9_1035,,GEO_SCOPE_VALIDATED,,HAUTEUR,Hauteur,116.84,116.84,m,
raw_bathymetries_barrages_abhs,1182/9_1036,,GEO_SCOPE_VALIDATED,,HAUTEUR,Hauteur,116.85,116.85,m,
raw_bathymetries_barrages_abhs,1182/9_1036,,GEO_SCOPE_VALIDATED,,SUPERFICIE_KM2,Superficie_km2,23.668,23.668,km²,
raw_bathymetries_barrages_abhs,1182/9_1036,,GEO_SCOPE_VALIDATED,,VOLUME,Volume,116.37,116.37,Mm³,
raw_bathymetries_barrages_abhs,1182/9_1037,,GEO_SCOPE_VALIDATED,,VOLUME,Volume,116.607,116.607,Mm³,
raw_bathymetries_barrages_abhs,1182/9_1037,,GEO_SCOPE_VALIDATED,,HAUTEUR,Hauteur,116.86,116.86,m,
raw_bathymetries_barrages_abhs,1182/9_1037,,GEO_SCOPE_VALIDATED,,SUPERFICIE_KM2,Superficie_km2,23.685,23.685,km²,
raw_bathymetries_barrages_abhs,1182/9_1038,,GEO_SCOPE_VALIDATED,,HAUTEUR,Hauteur,116.87,116.87,m,
raw_bathymetries_barrages_abhs,1182/9_1038,,GEO_SCOPE_VALIDATED,,SUPERFICIE_KM2,Superficie_km2,23.703,23.703,km²,
raw_bathymetries_barrages_abhs,1182/9_1038,,GEO_SCOPE_VALIDATED,,VOLUME,Volume,116.844,116.844,Mm³,
raw_bathymetries_barrages_abhs,1182/9_1039,,GEO_SCOPE_VALIDATED,,VOLUME,Volume,117.081,117.081,Mm³,
raw_bathymetries_barrages_abhs,1182/9_1039,,GEO_SCOPE_VALIDATED,,HAUTEUR,Hauteur,116.88,116.88,m,
raw_bathymetries_barrages_abhs,1182/9_1039,,GEO_SCOPE_VALIDATED,,SUPERFICIE_KM2,Superficie_km2,23.721,23.721,km²,
raw_bathymetries_barrages_abhs,1182/9_104,,GEO_SCOPE_VALIDATED,,HAUTEUR,Hauteur,107.53,107.53,m,
raw_bathymetries_barrages_abhs,1182/9_104,,GEO_SCOPE_VALIDATED,,VOLUME,Volume,0.016,0.016,Mm³,
raw_bathymetries_barrages_abhs,1182/9_104,,GEO_SCOPE_VALIDATED,,SUPERFICIE_KM2,Superficie_km2,0.058,0.058,km²,
raw_bathymetries_barrages_abhs,1182/9_1040,,GEO_SCOPE_VALIDATED,,VOLUME,Volume,117.319,117.319,Mm³,
raw_bathymetries_barrages_abhs,1182/9_1040,,GEO_SCOPE_VALIDATED,,HAUTEUR,Hauteur,116.89,116.89,m,
raw_bathymetries_barrages_abhs,1182/9_1040,,GEO_SCOPE_VALIDATED,,SUPERFICIE_KM2,Superficie_km2,23.739,23.739,km²,
raw_bathymetries_barrages_abhs,1182/9_1041,,GEO_SCOPE_VALIDATED,,HAUTEUR,Hauteur,116.9,116.9,m,
raw_bathymetries_barrages_abhs,1182/9_1041,,GEO_SCOPE_VALIDATED,,SUPERFICIE_KM2,Superficie_km2,23.757,23.757,km²,
raw_bathymetries_barrages_abhs,1182/9_1041,,GEO_SCOPE_VALIDATED,,VOLUME,Volume,117.556,117.556,Mm³,
raw_bathymetries_barrages_abhs,1182/9_1042,,GEO_SCOPE_VALIDATED,,VOLUME,Volume,117.794,117.794,Mm³,
raw_bathymetries_barrages_abhs,1182/9_1042,,GEO_SCOPE_VALIDATED,,SUPERFICIE_KM2,Superficie_km2,23.775,23.775,km²,
raw_bathymetries_barrages_abhs,1182/9_1042,,GEO_SCOPE_VALIDATED,,HAUTEUR,Hauteur,116.91,116.91,m,
raw_bathymetries_barrages_abhs,1182/9_1043,,GEO_SCOPE_VALIDATED,,HAUTEUR,Hauteur,116.92,116.92,m,
raw_bathymetries_barrages_abhs,1182/9_1043,,GEO_SCOPE_VALIDATED,,SUPERFICIE_KM2,Superficie_km2,23.793,23.793,km²,
