review_id,review_bucket,source_layer,source_id,source_object_name,source_type,candidate_master_site_id,candidate_site_name,distance_m,match_score,issue_type,suggested_action,reviewer_decision,reviewer_comment,allowed_decisions
002e3749-2bf1-5b72-b3cd-d1988aeb348d,TRUE_AMBIGUOUS,infra.huilerie,534,H.mostapha bakir,HUILERIE,ac6176c6-6cf1-4264-97bc-436dda75cc16,Bakir Mustafa,10.18949439372149,0.4492,POSSIBLE_WRONG_MATCH,WAIT_BUSINESS_DECISION,,,ACCEPT_MATCH|KEEP_SEPARATE|SAME_SITE_DIFFERENT_OBJECT|NEED_FIELD_VALIDATION|WAIT_BUSINESS_DECISION
f55ea2f8-9847-5f90-8a6f-4a8fe0803f7d,TRUE_AMBIGUOUS,infra.mine,17,,MINE,53d41cac-403b-486a-a01f-03d44d66cdbb,343189.00000000000,0.36055512754317015,0.54,GEOMETRY_SUSPICIOUS,NEED_FIELD_VALIDATION,,,ACCEPT_MATCH|KEEP_SEPARATE|SAME_SITE_DIFFERENT_OBJECT|NEED_FIELD_VALIDATION|WAIT_BUSINESS_DECISION
2a1128de-ed65-540c-8a4a-18dfd986a717,TRUE_AMBIGUOUS,infra.decharge,14,,DECHARGE,38f7c930-8351-4b4e-9adc-b4c99b38ebe7,ATM-DECH,0.42011903073592827,0.54,GEOMETRY_SUSPICIOUS,NEED_FIELD_VALIDATION,,,ACCEPT_MATCH|KEEP_SEPARATE|SAME_SITE_DIFFERENT_OBJECT|NEED_FIELD_VALIDATION|WAIT_BUSINESS_DECISION
985a534d-4dc8-4509-83a0-b12f6457268c,ORPHAN_REVIEW,infra.decharge,1,abdelghaya souahel,DECHARGE,,,,,MISSING_MAPPING,WAIT_SOURCE_FIX,,,WAIT_SOURCE_FIX|INVALID_SOURCE_DATA|CREATE_NEW_SITE|NOT_USABLE|REVIEW_LATER
48896de1-57f4-4708-af44-3e12f9130083,ORPHAN_REVIEW,infra.decharge,213, abdellah aghazi,DECHARGE,,,,,MISSING_MAPPING,WAIT_SOURCE_FIX,,,WAIT_SOURCE_FIX|INVALID_SOURCE_DATA|CREATE_NEW_SITE|NOT_USABLE|REVIEW_LATER
5248aa8a-e784-4d09-9eb9-33dcd68dfdf8,ORPHAN_REVIEW,infra.decharge,220,lakriaat,DECHARGE,,,,,MISSING_MAPPING,WAIT_SOURCE_FIX,,,WAIT_SOURCE_FIX|INVALID_SOURCE_DATA|CREATE_NEW_SITE|NOT_USABLE|REVIEW_LATER
26f5a3b0-b519-4fb5-a64f-cdd205e13964,ORPHAN_REVIEW,infra.decharge,5,bni bouchibet,DECHARGE,,,,,MISSING_MAPPING,WAIT_SOURCE_FIX,,,WAIT_SOURCE_FIX|INVALID_SOURCE_DATA|CREATE_NEW_SITE|NOT_USABLE|REVIEW_LATER
3de86d50-495e-4684-b76b-68d2db684702,ORPHAN_REVIEW,infra.decharge,62,souk el arbaa,DECHARGE,,,,,MISSING_MAPPING,WAIT_SOURCE_FIX,,,WAIT_SOURCE_FIX|INVALID_SOURCE_DATA|CREATE_NEW_SITE|NOT_USABLE|REVIEW_LATER
ce6f5de2-4a0a-445d-81f2-0a6baab00aa3,ORPHAN_REVIEW,infra.decharge_inventaire_pollution_general,63b2199f-73e3-4674-a0bb-1b98da2ec4f1,Abdellah aghazi,DECHARGE,,,,,MISSING_MAPPING,WAIT_SOURCE_FIX,,,WAIT_SOURCE_FIX|INVALID_SOURCE_DATA|CREATE_NEW_SITE|NOT_USABLE|REVIEW_LATER
76afba5f-a0ba-4402-b4e6-d3fb2019cb11,ORPHAN_REVIEW,infra.decharge_inventaire_pollution_general,dd44f8f2-ffc0-49c7-bac3-a36217215403,Bni bouchibet,DECHARGE,,,,,MISSING_MAPPING,WAIT_SOURCE_FIX,,,WAIT_SOURCE_FIX|INVALID_SOURCE_DATA|CREATE_NEW_SITE|NOT_USABLE|REVIEW_LATER
a027bc84-f068-4f68-b0c3-2b599f296f84,ORPHAN_REVIEW,infra.decharge_inventaire_pollution_general,fbb5a30a-7c18-4d6c-97e0-ada925082995,Abdelghaya souahel,DECHARGE,,,,,MISSING_MAPPING,WAIT_SOURCE_FIX,,,WAIT_SOURCE_FIX|INVALID_SOURCE_DATA|CREATE_NEW_SITE|NOT_USABLE|REVIEW_LATER
aab5aaac-dcf8-49c4-99a3-6635d5c4db9a,ORPHAN_REVIEW,infra.fosses_septiques_abhs,7,,FOSSE_SEPTIQUE,,,,,MISSING_MAPPING,WAIT_SOURCE_FIX,,,WAIT_SOURCE_FIX|INVALID_SOURCE_DATA|CREATE_NEW_SITE|NOT_USABLE|REVIEW_LATER
a6754450-ce31-4bdf-9a03-70ef4391446e,ORPHAN_REVIEW,infra.huilerie,114,H.SOUK SABT,HUILERIE,,,,,MISSING_MAPPING,WAIT_SOURCE_FIX,,,WAIT_SOURCE_FIX|INVALID_SOURCE_DATA|CREATE_NEW_SITE|NOT_USABLE|REVIEW_LATER
bab4ef94-8d5f-4d8c-b4cc-7adcc79e2310,ORPHAN_REVIEW,infra.huilerie,12,Societe Hajjy Invest,HUILERIE,,,,,MISSING_MAPPING,WAIT_SOURCE_FIX,,,WAIT_SOURCE_FIX|INVALID_SOURCE_DATA|CREATE_NEW_SITE|NOT_USABLE|REVIEW_LATER
67c4630a-ff85-451c-9069-5aeff33e06d4,ORPHAN_REVIEW,infra.huilerie,16,Huilerie Aromane ,HUILERIE,,,,,MISSING_MAPPING,WAIT_SOURCE_FIX,,,WAIT_SOURCE_FIX|INVALID_SOURCE_DATA|CREATE_NEW_SITE|NOT_USABLE|REVIEW_LATER
0873926f-d7eb-47db-9f59-0a7f4d9c8305,ORPHAN_REVIEW,infra.huilerie,20,Olivier El Hmaidii,HUILERIE,,,,,MISSING_MAPPING,WAIT_SOURCE_FIX,,,WAIT_SOURCE_FIX|INVALID_SOURCE_DATA|CREATE_NEW_SITE|NOT_USABLE|REVIEW_LATER
47c4f386-b086-4337-8c14-a242eb9db51e,ORPHAN_REVIEW,infra.huilerie,237,Huilerie Quassemy Fréres,HUILERIE,,,,,MISSING_MAPPING,WAIT_SOURCE_FIX,,,WAIT_SOURCE_FIX|INVALID_SOURCE_DATA|CREATE_NEW_SITE|NOT_USABLE|REVIEW_LATER
d68cdbbb-1fd6-4c85-845d-b10a0518a412,ORPHAN_REVIEW,infra.huilerie,238,Huilerie Jaouda,HUILERIE,,,,,MISSING_MAPPING,WAIT_SOURCE_FIX,,,WAIT_SOURCE_FIX|INVALID_SOURCE_DATA|CREATE_NEW_SITE|NOT_USABLE|REVIEW_LATER
3bec9bf9-459d-4fad-9696-0bea6be16738,ORPHAN_REVIEW,infra.huilerie,257,Huilerie Ain jouari,HUILERIE,,,,,MISSING_MAPPING,WAIT_SOURCE_FIX,,,WAIT_SOURCE_FIX|INVALID_SOURCE_DATA|CREATE_NEW_SITE|NOT_USABLE|REVIEW_LATER
da135d3c-19ce-4b8d-b593-4d981dbcc109,ORPHAN_REVIEW,infra.huilerie,261,Huilerie Tamidet,HUILERIE,,,,,MISSING_MAPPING,WAIT_SOURCE_FIX,,,WAIT_SOURCE_FIX|INVALID_SOURCE_DATA|CREATE_NEW_SITE|NOT_USABLE|REVIEW_LATER
1503e43f-7aed-4e75-b740-ed3d40c4cebc,ORPHAN_REVIEW,infra.huilerie,262,Société Barakat allah,HUILERIE,,,,,MISSING_MAPPING,WAIT_SOURCE_FIX,,,WAIT_SOURCE_FIX|INVALID_SOURCE_DATA|CREATE_NEW_SITE|NOT_USABLE|REVIEW_LATER
3e3b2eed-da59-4509-a6a3-db4bb7b4d5af,ORPHAN_REVIEW,infra.huilerie,263,Huilerie Serraf Ikhouan,HUILERIE,,,,,MISSING_MAPPING,WAIT_SOURCE_FIX,,,WAIT_SOURCE_FIX|INVALID_SOURCE_DATA|CREATE_NEW_SITE|NOT_USABLE|REVIEW_LATER
37d756a6-5fa9-4193-894d-866a2a8aef2f,ORPHAN_REVIEW,infra.huilerie,314,Sté boulmakol,HUILERIE,,,,,MISSING_MAPPING,WAIT_SOURCE_FIX,,,WAIT_SOURCE_FIX|INVALID_SOURCE_DATA|CREATE_NEW_SITE|NOT_USABLE|REVIEW_LATER
42e10973-1ea1-431c-8305-fc7566df8135,ORPHAN_REVIEW,infra.huilerie,317,Meknasa olive,HUILERIE,,,,,MISSING_MAPPING,WAIT_SOURCE_FIX,,,WAIT_SOURCE_FIX|INVALID_SOURCE_DATA|CREATE_NEW_SITE|NOT_USABLE|REVIEW_LATER
a0192a23-22c6-43bc-a71e-95298528f2d1,ORPHAN_REVIEW,infra.huilerie,327,Barada fréro,HUILERIE,,,,,MISSING_MAPPING,WAIT_SOURCE_FIX,,,WAIT_SOURCE_FIX|INVALID_SOURCE_DATA|CREATE_NEW_SITE|NOT_USABLE|REVIEW_LATER
13395266-e70e-48d9-b01b-6c663964dec2,ORPHAN_REVIEW,infra.huilerie,329,Huile taza,HUILERIE,,,,,MISSING_MAPPING,WAIT_SOURCE_FIX,,,WAIT_SOURCE_FIX|INVALID_SOURCE_DATA|CREATE_NEW_SITE|NOT_USABLE|REVIEW_LATER
4d40d699-28f9-4248-a245-dd7aca732323,ORPHAN_REVIEW,infra.huilerie,332,Huile bouchfaa,HUILERIE,,,,,MISSING_MAPPING,WAIT_SOURCE_FIX,,,WAIT_SOURCE_FIX|INVALID_SOURCE_DATA|CREATE_NEW_SITE|NOT_USABLE|REVIEW_LATER
de931fa8-d480-4c0c-b068-de6bf3601cbf,ORPHAN_REVIEW,infra.huilerie,347,Najat,HUILERIE,,,,,MISSING_MAPPING,WAIT_SOURCE_FIX,,,WAIT_SOURCE_FIX|INVALID_SOURCE_DATA|CREATE_NEW_SITE|NOT_USABLE|REVIEW_LATER
2cacc41b-efe6-4fb1-b384-53d77ae598c5,ORPHAN_REVIEW,infra.huilerie,348,Sté oumatan,HUILERIE,,,,,MISSING_MAPPING,WAIT_SOURCE_FIX,,,WAIT_SOURCE_FIX|INVALID_SOURCE_DATA|CREATE_NEW_SITE|NOT_USABLE|REVIEW_LATER
76dd8091-cb75-4a08-9a5e-99181741c40d,ORPHAN_REVIEW,infra.huilerie,427,EVOO FACTORY,HUILERIE,,,,,MISSING_MAPPING,WAIT_SOURCE_FIX,,,WAIT_SOURCE_FIX|INVALID_SOURCE_DATA|CREATE_NEW_SITE|NOT_USABLE|REVIEW_LATER
2e366ad3-8ee9-4aea-9266-0645952823a4,ORPHAN_REVIEW,infra.huilerie,428,ALBADIYA OLIVE OIL SARL AU,HUILERIE,,,,,MISSING_MAPPING,WAIT_SOURCE_FIX,,,WAIT_SOURCE_FIX|INVALID_SOURCE_DATA|CREATE_NEW_SITE|NOT_USABLE|REVIEW_LATER
2b2ddfc6-335f-4f21-9c0e-d79f22816934,ORPHAN_REVIEW,infra.huilerie,429,Les huileries de meknes 1,HUILERIE,,,,,MISSING_MAPPING,WAIT_SOURCE_FIX,,,WAIT_SOURCE_FIX|INVALID_SOURCE_DATA|CREATE_NEW_SITE|NOT_USABLE|REVIEW_LATER
5d4b5ef2-073c-4b7e-a59f-1c5cebef4217,ORPHAN_REVIEW,infra.huilerie,458,Non-connue 7,HUILERIE,,,,,MISSING_MAPPING,WAIT_SOURCE_FIX,,,WAIT_SOURCE_FIX|INVALID_SOURCE_DATA|CREATE_NEW_SITE|NOT_USABLE|REVIEW_LATER
b053f77a-b662-4e3a-ac48-935f01e3d981,ORPHAN_REVIEW,infra.huilerie,485,Huilerie IDRISSIA,HUILERIE,,,,,MISSING_MAPPING,WAIT_SOURCE_FIX,,,WAIT_SOURCE_FIX|INVALID_SOURCE_DATA|CREATE_NEW_SITE|NOT_USABLE|REVIEW_LATER
092c413b-f1ab-4322-ade6-c4d359b89bc2,ORPHAN_REVIEW,infra.huilerie,557,ZYOUT MEKNESS,HUILERIE,,,,,MISSING_MAPPING,WAIT_SOURCE_FIX,,,WAIT_SOURCE_FIX|INVALID_SOURCE_DATA|CREATE_NEW_SITE|NOT_USABLE|REVIEW_LATER
0b0f5be3-75ba-41c3-9aac-0060f36eb3e8,ORPHAN_REVIEW,infra.huilerie,610,Conserves bio,HUILERIE,,,,,MISSING_MAPPING,WAIT_SOURCE_FIX,,,WAIT_SOURCE_FIX|INVALID_SOURCE_DATA|CREATE_NEW_SITE|NOT_USABLE|REVIEW_LATER
9d84ab17-a766-43c8-8612-82c0ae3b0ea9,ORPHAN_REVIEW,infra.huilerie,611,Les conserves de meknes (aicha),HUILERIE,,,,,MISSING_MAPPING,WAIT_SOURCE_FIX,,,WAIT_SOURCE_FIX|INVALID_SOURCE_DATA|CREATE_NEW_SITE|NOT_USABLE|REVIEW_LATER
b4bbec2e-9d8d-4522-a036-87fcb18419c8,ORPHAN_REVIEW,infra.huilerie,612,Les coserves oualili,HUILERIE,,,,,MISSING_MAPPING,WAIT_SOURCE_FIX,,,WAIT_SOURCE_FIX|INVALID_SOURCE_DATA|CREATE_NEW_SITE|NOT_USABLE|REVIEW_LATER
e10c6127-12ed-4a78-90f3-2ce9b908e24f,ORPHAN_REVIEW,infra.huilerie,82,Huilerie Doukali,HUILERIE,,,,,MISSING_MAPPING,WAIT_SOURCE_FIX,,,WAIT_SOURCE_FIX|INVALID_SOURCE_DATA|CREATE_NEW_SITE|NOT_USABLE|REVIEW_LATER
9edff55e-a7f2-4c4f-972b-9e939c15befe,ORPHAN_REVIEW,infra.huilerie,87,Huilerie CHAIBI,HUILERIE,,,,,MISSING_MAPPING,WAIT_SOURCE_FIX,,,WAIT_SOURCE_FIX|INVALID_SOURCE_DATA|CREATE_NEW_SITE|NOT_USABLE|REVIEW_LATER
95ca5c18-8607-4ef1-b1cc-dd7787c4f7d1,ORPHAN_REVIEW,infra.huilerie,90,Huilerie IHYHAA,HUILERIE,,,,,MISSING_MAPPING,WAIT_SOURCE_FIX,,,WAIT_SOURCE_FIX|INVALID_SOURCE_DATA|CREATE_NEW_SITE|NOT_USABLE|REVIEW_LATER
9847fcfd-6605-44df-80b3-5bd643de331a,ORPHAN_REVIEW,infra.huilerie_inventaire_pollution,3ee1833e-4611-425e-82e4-558231a78bdf,Sté boulmakol,HUILERIE,,,,,MISSING_MAPPING,WAIT_SOURCE_FIX,,,WAIT_SOURCE_FIX|INVALID_SOURCE_DATA|CREATE_NEW_SITE|NOT_USABLE|REVIEW_LATER
8c544a50-5592-492a-ba3f-4bc184346ed7,ORPHAN_REVIEW,infra.huilerie_inventaire_pollution,4143059d-4ad8-418b-bd22-d82174f26e45,Societe Hajjy Invest,HUILERIE,,,,,MISSING_MAPPING,WAIT_SOURCE_FIX,,,WAIT_SOURCE_FIX|INVALID_SOURCE_DATA|CREATE_NEW_SITE|NOT_USABLE|REVIEW_LATER
9bc91fca-619a-40ee-bc67-91b76a8d670c,ORPHAN_REVIEW,infra.huilerie_inventaire_pollution,4bf6a654-fff4-4538-b8fd-5af64004b5aa,Huilerie CHAIBI,HUILERIE,,,,,MISSING_MAPPING,WAIT_SOURCE_FIX,,,WAIT_SOURCE_FIX|INVALID_SOURCE_DATA|CREATE_NEW_SITE|NOT_USABLE|REVIEW_LATER
d67f70a6-47e4-40ee-9866-5970930cc29e,ORPHAN_REVIEW,infra.huilerie_inventaire_pollution,5232a595-5fbb-4993-b058-cfd5d954b3a2,Huile taza,HUILERIE,,,,,MISSING_MAPPING,WAIT_SOURCE_FIX,,,WAIT_SOURCE_FIX|INVALID_SOURCE_DATA|CREATE_NEW_SITE|NOT_USABLE|REVIEW_LATER
6a61b4c5-919d-4826-bb47-85f3f4675247,ORPHAN_REVIEW,infra.huilerie_inventaire_pollution,73607441-f39a-4bf6-a5af-af7b19fa0b02,Huilerie Tamidet,HUILERIE,,,,,MISSING_MAPPING,WAIT_SOURCE_FIX,,,WAIT_SOURCE_FIX|INVALID_SOURCE_DATA|CREATE_NEW_SITE|NOT_USABLE|REVIEW_LATER
c9ccfe66-5132-4d10-bdf5-5782af4a3fb2,ORPHAN_REVIEW,infra.huilerie_inventaire_pollution,80bb765f-d3a9-4fe5-8322-071356943836,Olivier El Hmaidii,HUILERIE,,,,,MISSING_MAPPING,WAIT_SOURCE_FIX,,,WAIT_SOURCE_FIX|INVALID_SOURCE_DATA|CREATE_NEW_SITE|NOT_USABLE|REVIEW_LATER
7ed5e587-2834-4130-a6e6-501f420bd073,ORPHAN_REVIEW,infra.huilerie_inventaire_pollution,88d988b5-bc19-4a19-838e-aab54ada5555,Huilerie Serraf Ikhouan,HUILERIE,,,,,MISSING_MAPPING,WAIT_SOURCE_FIX,,,WAIT_SOURCE_FIX|INVALID_SOURCE_DATA|CREATE_NEW_SITE|NOT_USABLE|REVIEW_LATER
2b8f3e22-6604-4149-826b-244c9beac815,ORPHAN_REVIEW,infra.huilerie_inventaire_pollution,8a735aab-52b1-43c2-9ae8-04359e0df138,Najat,HUILERIE,,,,,MISSING_MAPPING,WAIT_SOURCE_FIX,,,WAIT_SOURCE_FIX|INVALID_SOURCE_DATA|CREATE_NEW_SITE|NOT_USABLE|REVIEW_LATER
214a93ad-5966-41f6-96f0-4442ffcc2c71,ORPHAN_REVIEW,infra.huilerie_inventaire_pollution,8e0de048-4d65-4c79-818b-31b01696a92e,Huilerie Aromane,HUILERIE,,,,,MISSING_MAPPING,WAIT_SOURCE_FIX,,,WAIT_SOURCE_FIX|INVALID_SOURCE_DATA|CREATE_NEW_SITE|NOT_USABLE|REVIEW_LATER
48764998-faa9-47d9-ba65-72c1fb299bab,ORPHAN_REVIEW,infra.huilerie_inventaire_pollution,8f8ae2fb-0414-48ba-81f2-e97e45205bd4,Huilerie Quassemy Fréres,HUILERIE,,,,,MISSING_MAPPING,WAIT_SOURCE_FIX,,,WAIT_SOURCE_FIX|INVALID_SOURCE_DATA|CREATE_NEW_SITE|NOT_USABLE|REVIEW_LATER
f6814483-a5ab-4a21-976f-036fe076d36b,ORPHAN_REVIEW,infra.huilerie_inventaire_pollution,a2478ab2-0ed4-41c8-a76a-66b785dd7247,Société Barakat allah,HUILERIE,,,,,MISSING_MAPPING,WAIT_SOURCE_FIX,,,WAIT_SOURCE_FIX|INVALID_SOURCE_DATA|CREATE_NEW_SITE|NOT_USABLE|REVIEW_LATER
b519b0e1-9c5e-4999-a664-dd1d4e4467cc,ORPHAN_REVIEW,infra.huilerie_inventaire_pollution,a394a40d-c29a-4f74-9365-98fe3ad509b6,Barada fréro,HUILERIE,,,,,MISSING_MAPPING,WAIT_SOURCE_FIX,,,WAIT_SOURCE_FIX|INVALID_SOURCE_DATA|CREATE_NEW_SITE|NOT_USABLE|REVIEW_LATER
849144ff-6727-4105-be6c-fee66610d038,ORPHAN_REVIEW,infra.huilerie_inventaire_pollution,bee862d4-e639-46aa-9510-d12768d716b7,Huilerie IHYHAA,HUILERIE,,,,,MISSING_MAPPING,WAIT_SOURCE_FIX,,,WAIT_SOURCE_FIX|INVALID_SOURCE_DATA|CREATE_NEW_SITE|NOT_USABLE|REVIEW_LATER
dc59ef73-a4bb-4f3a-a71d-bcc174dec596,ORPHAN_REVIEW,infra.huilerie_inventaire_pollution,c193b12b-dea4-4bdf-b1cc-12ce2cfff8db,H.SOUK SABT,HUILERIE,,,,,MISSING_MAPPING,WAIT_SOURCE_FIX,,,WAIT_SOURCE_FIX|INVALID_SOURCE_DATA|CREATE_NEW_SITE|NOT_USABLE|REVIEW_LATER
69f52103-f95b-4fc8-abe3-12a21549e895,ORPHAN_REVIEW,infra.huilerie_inventaire_pollution,cf2c8e07-4ebf-4fa5-95b8-8761f3b90d8c,Huile bouchfaa,HUILERIE,,,,,MISSING_MAPPING,WAIT_SOURCE_FIX,,,WAIT_SOURCE_FIX|INVALID_SOURCE_DATA|CREATE_NEW_SITE|NOT_USABLE|REVIEW_LATER
7aceea8c-3cd0-46bb-bb59-4fc4d30e0ea5,ORPHAN_REVIEW,infra.huilerie_inventaire_pollution,d1672de6-95e8-4a18-b4cd-d63555e9c986,Non-connue 7,HUILERIE,,,,,MISSING_MAPPING,WAIT_SOURCE_FIX,,,WAIT_SOURCE_FIX|INVALID_SOURCE_DATA|CREATE_NEW_SITE|NOT_USABLE|REVIEW_LATER
4497cc10-0387-4bdf-83e5-2a7d4e3af4f2,ORPHAN_REVIEW,infra.huilerie_inventaire_pollution,d72727de-e1f7-4a38-9680-b4d0f3fae5de,Huilerie Ain jouari,HUILERIE,,,,,MISSING_MAPPING,WAIT_SOURCE_FIX,,,WAIT_SOURCE_FIX|INVALID_SOURCE_DATA|CREATE_NEW_SITE|NOT_USABLE|REVIEW_LATER
37506668-ee5b-40c4-8506-e7ec4765ee4b,ORPHAN_REVIEW,infra.huilerie_inventaire_pollution,e5a6e526-4fdd-4a7e-985a-62ad199178ee,Huilerie Doukali,HUILERIE,,,,,MISSING_MAPPING,WAIT_SOURCE_FIX,,,WAIT_SOURCE_FIX|INVALID_SOURCE_DATA|CREATE_NEW_SITE|NOT_USABLE|REVIEW_LATER
1ae673cb-80c4-4f84-85fc-473fe208b393,ORPHAN_REVIEW,infra.huilerie_inventaire_pollution,ea9bdacc-9717-4ba3-a1db-3523ba30a836,Sté oumatan,HUILERIE,,,,,MISSING_MAPPING,WAIT_SOURCE_FIX,,,WAIT_SOURCE_FIX|INVALID_SOURCE_DATA|CREATE_NEW_SITE|NOT_USABLE|REVIEW_LATER
e75d77b4-bcef-4a97-a85e-1000a9b7a051,ORPHAN_REVIEW,infra.huilerie_inventaire_pollution,fe92cdf1-ccb9-41ae-be30-9da27435169d,Meknasa olive,HUILERIE,,,,,MISSING_MAPPING,WAIT_SOURCE_FIX,,,WAIT_SOURCE_FIX|INVALID_SOURCE_DATA|CREATE_NEW_SITE|NOT_USABLE|REVIEW_LATER
ef91165f-13b5-4714-90ef-427ace2305ca,ORPHAN_REVIEW,infra.huilerie_inventaire_pollution,feddb89f-d453-40d6-ae48-f1535dad056e,Huilerie Jaouda,HUILERIE,,,,,MISSING_MAPPING,WAIT_SOURCE_FIX,,,WAIT_SOURCE_FIX|INVALID_SOURCE_DATA|CREATE_NEW_SITE|NOT_USABLE|REVIEW_LATER
02cec24b-ca11-4c4e-a8d6-fe9a6d4640c2,ORPHAN_REVIEW,infra.mine,10,,MINE,,,,,MISSING_MAPPING,WAIT_SOURCE_FIX,,,WAIT_SOURCE_FIX|INVALID_SOURCE_DATA|CREATE_NEW_SITE|NOT_USABLE|REVIEW_LATER
4afd7d20-f4d6-4884-a846-a6e1f88b4649,ORPHAN_REVIEW,infra.mine,23,Ste miniere de Taza,MINE,,,,,MISSING_MAPPING,WAIT_SOURCE_FIX,,,WAIT_SOURCE_FIX|INVALID_SOURCE_DATA|CREATE_NEW_SITE|NOT_USABLE|REVIEW_LATER
de2eecb3-952c-4438-afb3-a4d7bdfd6220,ORPHAN_REVIEW,infra.mine,24,STE HERIIERS LAFQUIH 1,MINE,,,,,MISSING_MAPPING,WAIT_SOURCE_FIX,,,WAIT_SOURCE_FIX|INVALID_SOURCE_DATA|CREATE_NEW_SITE|NOT_USABLE|REVIEW_LATER
94bbefa1-a99b-4198-8493-e8de8f9ea393,ORPHAN_REVIEW,infra.mine,27,Salt factory,MINE,,,,,MISSING_MAPPING,WAIT_SOURCE_FIX,,,WAIT_SOURCE_FIX|INVALID_SOURCE_DATA|CREATE_NEW_SITE|NOT_USABLE|REVIEW_LATER
9d55ee24-8e42-42a0-a1bd-1f65f88ba5c4,ORPHAN_REVIEW,infra.mine,40,STE SORECH  MINES,MINE,,,,,MISSING_MAPPING,WAIT_SOURCE_FIX,,,WAIT_SOURCE_FIX|INVALID_SOURCE_DATA|CREATE_NEW_SITE|NOT_USABLE|REVIEW_LATER
54afa4e8-a7e3-4ad1-9261-b27deef41954,ORPHAN_REVIEW,infra.mine,41,,MINE,,,,,MISSING_MAPPING,WAIT_SOURCE_FIX,,,WAIT_SOURCE_FIX|INVALID_SOURCE_DATA|CREATE_NEW_SITE|NOT_USABLE|REVIEW_LATER
f8247bbb-6dea-44e6-9bce-6b65ddd940a0,ORPHAN_REVIEW,infra.mine,42,,MINE,,,,,MISSING_MAPPING,WAIT_SOURCE_FIX,,,WAIT_SOURCE_FIX|INVALID_SOURCE_DATA|CREATE_NEW_SITE|NOT_USABLE|REVIEW_LATER
24099dfc-a8a3-4c57-abca-ce79a9fabd8d,ORPHAN_REVIEW,infra.mine_inventaire_pollution,240d9b88-6e84-4c1d-a578-105427919c46,,MINE,,,,,MISSING_MAPPING,WAIT_SOURCE_FIX,,,WAIT_SOURCE_FIX|INVALID_SOURCE_DATA|CREATE_NEW_SITE|NOT_USABLE|REVIEW_LATER
b2b901fd-b3d0-489a-a419-03ae6144e9df,ORPHAN_REVIEW,infra.mine_inventaire_pollution,6b770e03-98c2-450b-bde5-52d7afd2f7b1,Salt factory,MINE,,,,,MISSING_MAPPING,WAIT_SOURCE_FIX,,,WAIT_SOURCE_FIX|INVALID_SOURCE_DATA|CREATE_NEW_SITE|NOT_USABLE|REVIEW_LATER
45d6ad2d-7448-4e44-9438-5cd453592861,ORPHAN_REVIEW,infra.mine_inventaire_pollution,825a0aeb-4429-42d1-b7e5-cafede78085a,STE SORECH  MINES,MINE,,,,,MISSING_MAPPING,WAIT_SOURCE_FIX,,,WAIT_SOURCE_FIX|INVALID_SOURCE_DATA|CREATE_NEW_SITE|NOT_USABLE|REVIEW_LATER
3f17adfe-ce36-4c81-aca1-aaf2f6cad08a,ORPHAN_REVIEW,infra.mine_inventaire_pollution,d1702768-81c2-4650-91a3-d0467ea4d0eb,STE HERIIERS LAFQUIH 1,MINE,,,,,MISSING_MAPPING,WAIT_SOURCE_FIX,,,WAIT_SOURCE_FIX|INVALID_SOURCE_DATA|CREATE_NEW_SITE|NOT_USABLE|REVIEW_LATER
1a424b29-bbd1-4a4a-ba88-4ff58eb0d757,ORPHAN_REVIEW,infra.rejet_domestique,157,,REJET_DOMESTIQUE,,,,,MISSING_MAPPING,WAIT_SOURCE_FIX,,,WAIT_SOURCE_FIX|INVALID_SOURCE_DATA|CREATE_NEW_SITE|NOT_USABLE|REVIEW_LATER
36c60ba6-f003-447c-bb01-53daddae271c,ORPHAN_REVIEW,infra.rejet_domestique,172,,REJET_DOMESTIQUE,,,,,MISSING_MAPPING,WAIT_SOURCE_FIX,,,WAIT_SOURCE_FIX|INVALID_SOURCE_DATA|CREATE_NEW_SITE|NOT_USABLE|REVIEW_LATER
b6a1a4ab-4f61-4049-9a4b-1fcd7578649e,ORPHAN_REVIEW,infra.rejet_domestique,209,,REJET_DOMESTIQUE,,,,,MISSING_MAPPING,WAIT_SOURCE_FIX,,,WAIT_SOURCE_FIX|INVALID_SOURCE_DATA|CREATE_NEW_SITE|NOT_USABLE|REVIEW_LATER
c8694bdd-ff72-40f7-8e7d-19b98fe1d593,ORPHAN_REVIEW,infra.rejet_domestique,231,,REJET_DOMESTIQUE,,,,,MISSING_MAPPING,WAIT_SOURCE_FIX,,,WAIT_SOURCE_FIX|INVALID_SOURCE_DATA|CREATE_NEW_SITE|NOT_USABLE|REVIEW_LATER
fb2a2045-16f5-4d3b-8cac-88e4c02417da,ORPHAN_REVIEW,infra.rejet_domestique,280,,REJET_DOMESTIQUE,,,,,MISSING_MAPPING,WAIT_SOURCE_FIX,,,WAIT_SOURCE_FIX|INVALID_SOURCE_DATA|CREATE_NEW_SITE|NOT_USABLE|REVIEW_LATER
e201811e-f443-43f3-bcde-9f932cfba20d,ORPHAN_REVIEW,infra.rejet_domestique,309,,REJET_DOMESTIQUE,,,,,MISSING_MAPPING,WAIT_SOURCE_FIX,,,WAIT_SOURCE_FIX|INVALID_SOURCE_DATA|CREATE_NEW_SITE|NOT_USABLE|REVIEW_LATER
c56a00d0-411c-40f9-946d-f5cddfd25ae0,ORPHAN_REVIEW,infra.rejet_domestique,311,,REJET_DOMESTIQUE,,,,,MISSING_MAPPING,WAIT_SOURCE_FIX,,,WAIT_SOURCE_FIX|INVALID_SOURCE_DATA|CREATE_NEW_SITE|NOT_USABLE|REVIEW_LATER
c8adceb8-057e-4ddb-843a-14f3b9d90445,ORPHAN_REVIEW,infra.rejet_domestique,331,,REJET_DOMESTIQUE,,,,,MISSING_MAPPING,WAIT_SOURCE_FIX,,,WAIT_SOURCE_FIX|INVALID_SOURCE_DATA|CREATE_NEW_SITE|NOT_USABLE|REVIEW_LATER
3af968db-7c35-472a-8d6c-4637acea73c8,ORPHAN_REVIEW,infra.rejet_domestique,332,,REJET_DOMESTIQUE,,,,,MISSING_MAPPING,WAIT_SOURCE_FIX,,,WAIT_SOURCE_FIX|INVALID_SOURCE_DATA|CREATE_NEW_SITE|NOT_USABLE|REVIEW_LATER
51d2b7f6-e070-494a-a870-e77026e4a046,ORPHAN_REVIEW,infra.rejet_domestique,360,,REJET_DOMESTIQUE,,,,,MISSING_MAPPING,WAIT_SOURCE_FIX,,,WAIT_SOURCE_FIX|INVALID_SOURCE_DATA|CREATE_NEW_SITE|NOT_USABLE|REVIEW_LATER
44842d50-51fa-4df7-a6d2-e6fd7387e397,ORPHAN_REVIEW,infra.rejet_domestique,362,,REJET_DOMESTIQUE,,,,,MISSING_MAPPING,WAIT_SOURCE_FIX,,,WAIT_SOURCE_FIX|INVALID_SOURCE_DATA|CREATE_NEW_SITE|NOT_USABLE|REVIEW_LATER
87767fb7-71f3-4263-b3c8-a50b727094c6,ORPHAN_REVIEW,infra.rejet_industriel,1,ROY AGRI MAROC,REJET_INDUSTRIEL,,,,,MISSING_MAPPING,WAIT_SOURCE_FIX,,,WAIT_SOURCE_FIX|INVALID_SOURCE_DATA|CREATE_NEW_SITE|NOT_USABLE|REVIEW_LATER
3f264bf8-5c1c-4074-b47e-0160fb3f0d06,ORPHAN_REVIEW,infra.rejet_industriel,10,Sotrameg,REJET_INDUSTRIEL,,,,,MISSING_MAPPING,WAIT_SOURCE_FIX,,,WAIT_SOURCE_FIX|INVALID_SOURCE_DATA|CREATE_NEW_SITE|NOT_USABLE|REVIEW_LATER
45d47c7c-d6e9-4edb-b174-0e34433305b4,ORPHAN_REVIEW,infra.rejet_industriel,11,Sunabel,REJET_INDUSTRIEL,,,,,MISSING_MAPPING,WAIT_SOURCE_FIX,,,WAIT_SOURCE_FIX|INVALID_SOURCE_DATA|CREATE_NEW_SITE|NOT_USABLE|REVIEW_LATER
2b70fb6b-dc30-4d9c-aaec-e8d6f3a8b4f0,ORPHAN_REVIEW,infra.rejet_industriel,2,UNIMER,REJET_INDUSTRIEL,,,,,MISSING_MAPPING,WAIT_SOURCE_FIX,,,WAIT_SOURCE_FIX|INVALID_SOURCE_DATA|CREATE_NEW_SITE|NOT_USABLE|REVIEW_LATER
3433afab-b61b-474f-b7e3-fdb6d71a1b5c,ORPHAN_REVIEW,infra.rejet_industriel,3,NATBERRY MAROC,REJET_INDUSTRIEL,,,,,MISSING_MAPPING,WAIT_SOURCE_FIX,,,WAIT_SOURCE_FIX|INVALID_SOURCE_DATA|CREATE_NEW_SITE|NOT_USABLE|REVIEW_LATER
eb61f343-84ec-4d1c-9a72-ee9c5091cc4a,ORPHAN_REVIEW,infra.rejet_industriel,4,MAZARIA BASSITA,REJET_INDUSTRIEL,,,,,MISSING_MAPPING,WAIT_SOURCE_FIX,,,WAIT_SOURCE_FIX|INVALID_SOURCE_DATA|CREATE_NEW_SITE|NOT_USABLE|REVIEW_LATER
9c0bc52d-a51a-49c5-bed4-8328a21ff884,ORPHAN_REVIEW,infra.rejet_industriel,5,Exta Nouvelle,REJET_INDUSTRIEL,,,,,MISSING_MAPPING,WAIT_SOURCE_FIX,,,WAIT_SOURCE_FIX|INVALID_SOURCE_DATA|CREATE_NEW_SITE|NOT_USABLE|REVIEW_LATER
996b2191-1941-4989-a356-bec74d21de35,ORPHAN_REVIEW,infra.rejet_industriel,6,Tannerie Tazi,REJET_INDUSTRIEL,,,,,MISSING_MAPPING,WAIT_SOURCE_FIX,,,WAIT_SOURCE_FIX|INVALID_SOURCE_DATA|CREATE_NEW_SITE|NOT_USABLE|REVIEW_LATER
e6be3130-2402-45b0-8384-f0a7dfb929e5,ORPHAN_REVIEW,infra.rejet_industriel,7,EnviroPack,REJET_INDUSTRIEL,,,,,MISSING_MAPPING,WAIT_SOURCE_FIX,,,WAIT_SOURCE_FIX|INVALID_SOURCE_DATA|CREATE_NEW_SITE|NOT_USABLE|REVIEW_LATER
c7f174c7-7ae2-48a2-9b88-3466c1693d73,ORPHAN_REVIEW,infra.rejet_industriel,8,Dépôt Arab Huiler,REJET_INDUSTRIEL,,,,,MISSING_MAPPING,WAIT_SOURCE_FIX,,,WAIT_SOURCE_FIX|INVALID_SOURCE_DATA|CREATE_NEW_SITE|NOT_USABLE|REVIEW_LATER
59c9b232-998f-4a01-9a4b-b60c3ba7d14c,ORPHAN_REVIEW,infra.rejet_industriel,9,GASTROMIXTE ,REJET_INDUSTRIEL,,,,,MISSING_MAPPING,WAIT_SOURCE_FIX,,,WAIT_SOURCE_FIX|INVALID_SOURCE_DATA|CREATE_NEW_SITE|NOT_USABLE|REVIEW_LATER
dc0709c7-cabc-4dee-bc04-03892b4389bb,ORPHAN_REVIEW,infra.rejet_inventaire_pollution,29b0b172-8fd1-48e0-90b5-b20cf40cd113,,REJET,,,,,MISSING_MAPPING,WAIT_SOURCE_FIX,,,WAIT_SOURCE_FIX|INVALID_SOURCE_DATA|CREATE_NEW_SITE|NOT_USABLE|REVIEW_LATER
2a6ea0dc-17a5-4df8-b6a9-ad7e901393ca,ORPHAN_REVIEW,infra.rejet_inventaire_pollution,462f7ec1-92b4-4d6c-9784-0382911ab0f2,,REJET,,,,,MISSING_MAPPING,WAIT_SOURCE_FIX,,,WAIT_SOURCE_FIX|INVALID_SOURCE_DATA|CREATE_NEW_SITE|NOT_USABLE|REVIEW_LATER
af1fc9df-a1ab-4008-805f-fddde13ea283,ORPHAN_REVIEW,infra.rejet_inventaire_pollution,778547ee-220a-43fa-9123-3ed3f2406316,,REJET,,,,,MISSING_MAPPING,WAIT_SOURCE_FIX,,,WAIT_SOURCE_FIX|INVALID_SOURCE_DATA|CREATE_NEW_SITE|NOT_USABLE|REVIEW_LATER
992cfc85-9ad8-498e-839e-4d32abdf501c,ORPHAN_REVIEW,infra.rejet_inventaire_pollution,8d6f3db5-3a75-47c8-8bf5-693dd953c212,,REJET,,,,,MISSING_MAPPING,WAIT_SOURCE_FIX,,,WAIT_SOURCE_FIX|INVALID_SOURCE_DATA|CREATE_NEW_SITE|NOT_USABLE|REVIEW_LATER
e98e18fe-7730-4c59-ba25-918e468015ef,ORPHAN_REVIEW,infra.rejet_inventaire_pollution,b27bff10-0d5a-4343-a832-9918ff29326d,,REJET,,,,,MISSING_MAPPING,WAIT_SOURCE_FIX,,,WAIT_SOURCE_FIX|INVALID_SOURCE_DATA|CREATE_NEW_SITE|NOT_USABLE|REVIEW_LATER
27358f5e-f9b2-4f68-ad18-b4ec394a049a,ORPHAN_REVIEW,infra.rejet_inventaire_pollution,c8f8cfe5-d07f-4754-a9fc-e05babff954d,,REJET,,,,,MISSING_MAPPING,WAIT_SOURCE_FIX,,,WAIT_SOURCE_FIX|INVALID_SOURCE_DATA|CREATE_NEW_SITE|NOT_USABLE|REVIEW_LATER
0d9fc650-6a67-4dc6-821c-56563269ddf7,ORPHAN_REVIEW,infra.rejet_inventaire_pollution,d00ee170-d1b3-4df9-8a11-b78755c76d0f,,REJET,,,,,MISSING_MAPPING,WAIT_SOURCE_FIX,,,WAIT_SOURCE_FIX|INVALID_SOURCE_DATA|CREATE_NEW_SITE|NOT_USABLE|REVIEW_LATER
df77bc58-0158-409b-b7ab-1d4202e4b27c,ORPHAN_REVIEW,infra.step,8,,STEP,,,,,MISSING_MAPPING,WAIT_SOURCE_FIX,,,WAIT_SOURCE_FIX|INVALID_SOURCE_DATA|CREATE_NEW_SITE|NOT_USABLE|REVIEW_LATER
c6ef02bc-cda7-4834-b5ff-e4a79d764d46,ORPHAN_REVIEW,infra.step,9,,STEP,,,,,MISSING_MAPPING,WAIT_SOURCE_FIX,,,WAIT_SOURCE_FIX|INVALID_SOURCE_DATA|CREATE_NEW_SITE|NOT_USABLE|REVIEW_LATER
ce90186c-fe09-4352-afa5-e94ea9f1ded6,ORPHAN_REVIEW,infra.step_inventaire_pollution,5db5b9da-f1d7-4812-b80b-914178feec97,,STEP,,,,,MISSING_MAPPING,WAIT_SOURCE_FIX,,,WAIT_SOURCE_FIX|INVALID_SOURCE_DATA|CREATE_NEW_SITE|NOT_USABLE|REVIEW_LATER
