edge_id,direction_status,z_start,z_end,dz,slope,longueur_m,decision,commentaire_collaboratrice,besoin_validation_metier,date_validation,validateur
17,FLOW_REVERSED_SUSPECTED,87.0,109.0,-22.0,-0.006618821504588737,3323.854553978787,,,,,
19,FLOW_REVERSED_SUSPECTED,59.0,78.0,-19.0,-0.016531897747819987,1149.2933412623772,,,,,
21,FLOW_REVERSED_SUSPECTED,71.0,89.0,-18.0,-0.0017999999963441518,10000.000020310268,,,,,
40,FLOW_REVERSED_SUSPECTED,877.0,883.0,-6.0,-0.00119999999928998,5000.000002958417,,,,,
43,FLOW_REVERSED_SUSPECTED,586.0,603.0,-17.0,-0.003399999978700415,5000.000031322919,,,,,
62,FLOW_REVERSED_SUSPECTED,845.0,847.0,-2.0,-0.0009854226062177823,2029.5860754365442,,,,,
78,FLOW_REVERSED_SUSPECTED,495.0,504.0,-9.0,-0.008857717203087279,1016.063145125375,,,,,
84,FLOW_REVERSED_SUSPECTED,822.0,826.0,-4.0,-0.001371959915845121,2915.5370749560266,,,,,
102,FLOW_REVERSED_SUSPECTED,183.0,205.0,-22.0,-0.004399999964942114,5000.000039838507,,,,,
110,FLOW_REVERSED_SUSPECTED,134.0,139.0,-5.0,-0.0010000000000843531,4999.999999578235,,,,,
117,FLOW_REVERSED_SUSPECTED,139.0,153.0,-14.0,-0.0027999999697119987,5000.000054085717,,,,,
118,FLOW_REVERSED_SUSPECTED,92.0,95.0,-3.0,-0.00059999998993069,5000.000083910918,,,,,
139,FLOW_REVERSED_SUSPECTED,8.0,10.0,-2.0,-0.00019999999831675437,10000.000084162282,,,,,
140,FLOW_REVERSED_SUSPECTED,5.0,7.0,-2.0,-0.0003999999993947908,5000.000007565115,,,,,
142,FLOW_REVERSED_SUSPECTED,640.0,649.0,-9.0,-0.001799999999647771,5000.0000009784135,,,,,
152,FLOW_REVERSED_SUSPECTED,791.0,833.0,-42.0,-0.013861830360783164,3029.9028993186357,,,,,
156,FLOW_REVERSED_SUSPECTED,736.0,773.0,-37.0,-0.007399999994882412,5000.00000345783,,,,,
158,FLOW_REVERSED_SUSPECTED,819.0,834.0,-15.0,-0.0030000000012272827,4999.999997954529,,,,,
165,FLOW_REVERSED_SUSPECTED,453.0,502.0,-49.0,-0.009799999921151508,5000.000040228823,,,,,
169,FLOW_REVERSED_SUSPECTED,419.0,426.0,-7.0,-0.008323915012823972,840.9504408941796,,,,,
173,FLOW_REVERSED_SUSPECTED,847.0,873.0,-26.0,-0.008429606916655527,3084.3668343097047,,,,,
198,FLOW_REVERSED_SUSPECTED,231.0,277.0,-46.0,-0.009200000094397991,4999.9999486967445,,,,,
207,FLOW_REVERSED_SUSPECTED,157.0,169.0,-12.0,-0.02303917249626543,520.8520402347418,,,,,
215,FLOW_REVERSED_SUSPECTED,189.0,236.0,-47.0,-0.009400000025598761,4999.999986383637,,,,,
216,FLOW_REVERSED_SUSPECTED,94.0,119.0,-25.0,-0.004999999999999429,5000.00000000057,,,,,
222,FLOW_REVERSED_SUSPECTED,129.0,142.0,-13.0,-0.002599999969800856,5000.000058075278,,,,,
229,FLOW_REVERSED_SUSPECTED,147.0,167.0,-20.0,-0.004000000028115293,4999.999964855884,,,,,
234,FLOW_REVERSED_SUSPECTED,126.0,186.0,-60.0,-0.028264625993028047,2122.7947617208883,,,,,
248,FLOW_REVERSED_SUSPECTED,75.0,78.0,-3.0,-0.00027609278984412974,10865.912151105693,,,,,
252,FLOW_REVERSED_SUSPECTED,300.0,315.0,-15.0,-0.0030000000262613616,4999.999956231064,,,,,
253,FLOW_REVERSED_SUSPECTED,246.0,359.0,-113.0,-0.02259999993516986,5000.0000143429515,,,,,
262,FLOW_REVERSED_SUSPECTED,984.0,991.0,-7.0,-0.007548015839971126,927.3960400203371,,,,,
264,FLOW_REVERSED_SUSPECTED,186.0,220.0,-34.0,-0.5193533971452069,65.46602022224548,,,,,
265,FLOW_REVERSED_SUSPECTED,115.0,186.0,-71.0,-0.010443892979588013,6798.231285859153,,,,,
270,FLOW_REVERSED_SUSPECTED,180.0,186.0,-6.0,-0.0012000000013402822,4999.999994415491,,,,,
272,FLOW_REVERSED_SUSPECTED,167.0,172.0,-5.0,-0.0003333333330174226,15000.000014215982,,,,,
278,FLOW_REVERSED_SUSPECTED,648.0,697.0,-49.0,-0.00980000001073583,4999.999994522535,,,,,
279,FLOW_REVERSED_SUSPECTED,620.0,648.0,-28.0,-0.00560000004404203,4999.999960676759,,,,,
293,FLOW_REVERSED_SUSPECTED,78.0,86.0,-8.0,-0.001432725357932635,5583.763807701203,,,,,
298,FLOW_REVERSED_SUSPECTED,371.0,381.0,-10.0,-0.004151192689430999,2408.946235008593,,,,,
299,FLOW_REVERSED_SUSPECTED,381.0,385.0,-4.0,-0.0009685784634671517,4129.763515163741,,,,,
317,FLOW_REVERSED_SUSPECTED,86.0,99.0,-13.0,-0.0023994371249716675,5417.937342347949,,,,,
318,FLOW_REVERSED_SUSPECTED,99.0,151.0,-52.0,-0.012906299388069893,4029.0402722306967,,,,,
329,FLOW_REVERSED_SUSPECTED,380.0,387.0,-7.0,-0.001400000025804327,4999.999907841691,,,,,
339,FLOW_REVERSED_SUSPECTED,1315.0,1337.0,-22.0,-0.004399999991814071,5000.000009302192,,,,,
365,FLOW_REVERSED_SUSPECTED,40.0,45.0,-5.0,-0.0009293463785603908,5380.125338999306,,,,,
374,FLOW_REVERSED_SUSPECTED,419.0,458.0,-39.0,-0.0039000000182355097,9999.999953242283,,,,,
388,FLOW_REVERSED_SUSPECTED,1449.0,1504.0,-55.0,-0.010999999962046517,5000.000017251583,,,,,
396,FLOW_REVERSED_SUSPECTED,212.0,218.0,-6.0,-0.0011362796008666982,5280.390491410297,,,,,
398,FLOW_REVERSED_SUSPECTED,688.0,725.0,-37.0,-0.006766179468286437,5468.3740171867485,,,,,
399,FLOW_REVERSED_SUSPECTED,241.0,243.0,-2.0,-0.00013108062281557965,15257.78530068358,,,,,
405,FLOW_REVERSED_SUSPECTED,450.0,535.0,-85.0,-0.016833568777529,5049.4343251483215,,,,,
415,FLOW_REVERSED_SUSPECTED,785.0,793.0,-8.0,-0.007047855396456648,1135.0970685383313,,,,,
416,FLOW_REVERSED_SUSPECTED,365.0,448.0,-83.0,-0.015729282583447076,5276.782304575428,,,,,
417,FLOW_REVERSED_SUSPECTED,793.0,976.0,-183.0,-0.022979769767562445,7963.526260316034,,,,,
421,FLOW_REVERSED_SUSPECTED,389.0,450.0,-61.0,-0.011793584090377085,5172.30381642614,,,,,
423,FLOW_REVERSED_SUSPECTED,482.0,554.0,-72.0,-0.01324518777401514,5435.936524905449,,,,,
429,FLOW_REVERSED_SUSPECTED,311.0,332.0,-21.0,-0.004266220293459255,4922.389974140832,,,,,
433,FLOW_REVERSED_SUSPECTED,277.0,322.0,-45.0,-0.008625810476062735,5216.9010813393525,,,,,
435,FLOW_REVERSED_SUSPECTED,214.0,218.0,-4.0,-0.0014762139506288513,2709.63433064431,,,,,
438,FLOW_REVERSED_SUSPECTED,230.0,267.0,-37.0,-0.00710569386344774,5207.091764863523,,,,,
448,FLOW_REVERSED_SUSPECTED,540.0,548.0,-8.0,-0.005705027436251431,1402.2719591435502,,,,,
456,FLOW_REVERSED_SUSPECTED,450.0,517.0,-67.0,-0.012980614137072584,5161.5431513866715,,,,,
458,FLOW_REVERSED_SUSPECTED,448.0,482.0,-34.0,-0.006426845498649926,5290.309220463182,,,,,
459,FLOW_REVERSED_SUSPECTED,53.0,60.0,-7.0,-0.0014000000218907177,4999.999921818867,,,,,
460,FLOW_REVERSED_SUSPECTED,158.0,175.0,-17.0,-0.003400000016017933,4999.999976444216,,,,,
462,FLOW_REVERSED_SUSPECTED,231.0,235.0,-4.0,-0.0007459783880035786,5362.085637232712,,,,,
463,FLOW_REVERSED_SUSPECTED,235.0,257.0,-22.0,-0.004743511453584361,4637.914383736977,,,,,
464,FLOW_REVERSED_SUSPECTED,203.0,231.0,-28.0,-0.009591149574163207,2919.3580793929905,,,,,
466,FLOW_REVERSED_SUSPECTED,175.0,206.0,-31.0,-0.05443605049508739,569.4755537563772,,,,,
467,FLOW_REVERSED_SUSPECTED,154.0,158.0,-4.0,-0.0007999999991164969,5000.000005521894,,,,,
468,FLOW_REVERSED_SUSPECTED,134.0,154.0,-20.0,-0.004000000009708335,4999.999987864581,,,,,
469,FLOW_REVERSED_SUSPECTED,103.0,109.0,-6.0,-0.13383625885562914,44.83090046974696,,,,,
470,FLOW_REVERSED_SUSPECTED,109.0,129.0,-20.0,-0.004036189199268597,4955.169099512041,,,,,
472,FLOW_REVERSED_SUSPECTED,113.0,134.0,-21.0,-0.004596188371223424,4569.003335781508,,,,,
475,FLOW_REVERSED_SUSPECTED,101.0,149.0,-48.0,-0.004800000034583478,9999.999927951088,,,,,
476,FLOW_REVERSED_SUSPECTED,88.0,97.0,-9.0,-0.0037840473418677047,2378.4057615827396,,,,,
478,FLOW_REVERSED_SUSPECTED,73.0,101.0,-28.0,-0.0027999999874198152,10000.000044929231,,,,,
482,FLOW_REVERSED_SUSPECTED,60.0,73.0,-13.0,-0.0026000000098948847,4999.999980971375,,,,,
488,FLOW_REVERSED_SUSPECTED,142.0,150.0,-8.0,-0.0015999999890352475,5000.000034264852,,,,,
490,FLOW_REVERSED_SUSPECTED,235.0,355.0,-120.0,-0.0240006275860146,4999.869256332496,,,,,
491,FLOW_REVERSED_SUSPECTED,257.0,392.0,-135.0,-0.013500000033143271,9999.99997544943,,,,,
492,FLOW_REVERSED_SUSPECTED,1431.0,1446.0,-15.0,-0.005612679558254278,2672.520289874785,,,,,
494,FLOW_REVERSED_SUSPECTED,1252.0,1431.0,-179.0,-0.017899999749549072,10000.000139916721,,,,,
495,FLOW_REVERSED_SUSPECTED,1089.0,1252.0,-163.0,-0.01629999989917588,10000.00006185529,,,,,
496,FLOW_REVERSED_SUSPECTED,875.0,1089.0,-214.0,-0.021399999968049137,10000.00001493031,,,,,
497,FLOW_REVERSED_SUSPECTED,727.0,875.0,-148.0,-0.01479999943017669,10000.000385015765,,,,,
498,FLOW_REVERSED_SUSPECTED,32.0,88.0,-56.0,-0.010286181804241543,5444.19698832352,,,,,
499,FLOW_REVERSED_SUSPECTED,646.0,727.0,-81.0,-0.00809999956733585,10000.0005341533,,,,,
504,FLOW_REVERSED_SUSPECTED,392.0,646.0,-254.0,-0.025399999753511066,10000.000097042888,,,,,
507,FLOW_REVERSED_SUSPECTED,594.0,688.0,-94.0,-0.017762784663957903,5291.963043989012,,,,,
510,FLOW_REVERSED_SUSPECTED,206.0,240.0,-34.0,-0.005360710327805124,6342.443057153748,,,,,
513,FLOW_REVERSED_SUSPECTED,32.0,55.0,-23.0,-0.004599999999989047,5000.000000011905,,,,,
516,FLOW_REVERSED_SUSPECTED,159.0,163.0,-4.0,-0.00039999998953836976,10000.000261540763,,,,,
518,FLOW_REVERSED_SUSPECTED,725.0,789.0,-64.0,-0.025506335776167822,2509.180486042187,,,,,
522,FLOW_REVERSED_SUSPECTED,58.0,60.0,-2.0,-0.0003999999999995952,5000.00000000506,,,,,
527,FLOW_REVERSED_SUSPECTED,75.0,80.0,-5.0,-0.000999999999999975,5000.000000000125,,,,,
532,FLOW_REVERSED_SUSPECTED,20.0,24.0,-4.0,-0.01880154236272746,212.7485034381901,,,,,
534,FLOW_REVERSED_SUSPECTED,129.0,146.0,-17.0,-0.0033999999999973153,5000.000000003948,,,,,
535,FLOW_REVERSED_SUSPECTED,146.0,196.0,-50.0,-0.010000000000001346,4999.999999999327,,,,,
536,FLOW_REVERSED_SUSPECTED,196.0,282.0,-86.0,-0.028569946987815936,3010.1560929278567,,,,,
538,FLOW_REVERSED_SUSPECTED,226.0,278.0,-52.0,-0.023282382420277036,2233.4484101039543,,,,,
550,FLOW_REVERSED_SUSPECTED,200.0,242.0,-42.0,-0.007367796663552345,5700.48305048499,,,,,
552,FLOW_REVERSED_SUSPECTED,29.0,31.0,-2.0,-0.0003708324858150836,5393.270752976329,,,,,
553,FLOW_REVERSED_SUSPECTED,198.0,201.0,-3.0,-0.0005419228070189531,5535.843779121625,,,,,
560,FLOW_REVERSED_SUSPECTED,385.0,415.0,-30.0,-0.005453359140912953,5501.196459798477,,,,,
561,FLOW_REVERSED_SUSPECTED,415.0,488.0,-73.0,-0.009708485993810176,7519.195067752325,,,,,
566,FLOW_REVERSED_SUSPECTED,246.0,275.0,-29.0,-0.005259339587542526,5514.00028792408,,,,,
577,FLOW_REVERSED_SUSPECTED,31.0,39.0,-8.0,-0.00048749327999487123,16410.482622620286,,,,,
596,FLOW_REVERSED_SUSPECTED,254.0,281.0,-27.0,-0.005050598763578399,5345.900805802723,,,,,
597,FLOW_REVERSED_SUSPECTED,281.0,367.0,-86.0,-0.0052105135841547,16505.09083433313,,,,,
600,FLOW_REVERSED_SUSPECTED,489.0,523.0,-34.0,-0.0030715504502142766,11069.32819469988,,,,,
601,FLOW_REVERSED_SUSPECTED,523.0,830.0,-307.0,-0.054839459349683796,5598.158764520536,,,,,
602,FLOW_REVERSED_SUSPECTED,869.0,985.0,-116.0,-0.010427542189355024,11124.38558325075,,,,,
603,FLOW_REVERSED_SUSPECTED,768.0,869.0,-101.0,-0.01845702775332626,5472.1703488687735,,,,,
606,FLOW_REVERSED_SUSPECTED,985.0,1197.0,-212.0,-0.03747433455508171,5657.205191686366,,,,,
608,FLOW_REVERSED_SUSPECTED,42.0,55.0,-13.0,-0.000796154419250707,16328.490661692016,,,,,
609,FLOW_REVERSED_SUSPECTED,39.0,42.0,-3.0,-0.0005585723141120517,5370.835475025332,,,,,
610,FLOW_REVERSED_SUSPECTED,55.0,66.0,-11.0,-0.0020817047395173664,5284.130737267908,,,,,
611,FLOW_REVERSED_SUSPECTED,67.0,75.0,-8.0,-0.0014746385163905346,5425.058352321869,,,,,
616,FLOW_REVERSED_SUSPECTED,29.0,32.0,-3.0,-0.0005532600640138427,5422.4047516376295,,,,,
623,FLOW_REVERSED_SUSPECTED,738.0,778.0,-40.0,-0.004736044045517627,8445.867398099375,,,,,
624,FLOW_REVERSED_SUSPECTED,415.0,419.0,-4.0,-0.0010176690329589267,3930.550965444814,,,,,
628,FLOW_REVERSED_SUSPECTED,388.0,415.0,-27.0,-0.0068075467057667535,3966.1865231314505,,,,,
636,FLOW_REVERSED_SUSPECTED,368.0,383.0,-15.0,-0.002726113190011728,5502.339394768663,,,,,
638,FLOW_REVERSED_SUSPECTED,160.0,185.0,-25.0,-0.004548342214626084,5496.508138637329,,,,,
639,FLOW_REVERSED_SUSPECTED,160.0,165.0,-5.0,-0.0009046442005360528,5527.034824340019,,,,,
640,FLOW_REVERSED_SUSPECTED,165.0,179.0,-14.0,-0.001600042068341925,8749.769944803873,,,,,
657,FLOW_REVERSED_SUSPECTED,0.0,54.0,-54.0,-0.021885959788712606,2467.335246949041,,,,,
667,FLOW_REVERSED_SUSPECTED,10.0,50.0,-40.0,-0.014420372628035777,2773.853424718919,,,,,
674,FLOW_REVERSED_SUSPECTED,71.0,111.0,-40.0,-0.007533820142443006,5309.391416799755,,,,,
681,FLOW_REVERSED_SUSPECTED,4.0,10.0,-6.0,-0.0011348565143188816,5287.011991644672,,,,,
689,FLOW_REVERSED_SUSPECTED,99.0,110.0,-11.0,-0.0020251815479129633,5431.611803561993,,,,,
692,FLOW_REVERSED_SUSPECTED,3.0,9.0,-6.0,-0.0011026832156281671,5441.272629312645,,,,,
695,FLOW_REVERSED_SUSPECTED,29.0,31.0,-2.0,-0.0003690580124010672,5419.202219694761,,,,,
697,FLOW_REVERSED_SUSPECTED,6.0,9.0,-3.0,-0.001685922807191115,1779.4409015666884,,,,,
708,FLOW_REVERSED_SUSPECTED,10.0,14.0,-4.0,-0.0007471025357630452,5354.0174320445085,,,,,
710,FLOW_REVERSED_SUSPECTED,10.0,12.0,-2.0,-0.0003641189753010087,5492.710173499325,,,,,
724,FLOW_REVERSED_SUSPECTED,15.0,18.0,-3.0,-0.0005442086948988234,5512.591085222821,,,,,
30,FLAT_SEGMENT,29.0,28.0,1.0,0.00020000000114076008,4999.999971480998,,,,,
31,FLAT_SEGMENT,19.0,19.0,0.0,0.0,4999.999983910522,,,,,
32,FLAT_SEGMENT,19.0,19.0,0.0,0.0,5000.000039217569,,,,,
47,FLAT_SEGMENT,16.0,15.0,1.0,0.0007760066930259839,1288.6486791764255,,,,,
54,FLAT_SEGMENT,638.0,639.0,-1.0,-0.0003296058937032965,3033.926331730514,,,,,
55,FLAT_SEGMENT,66.0,67.0,-1.0,-0.0001848788504173986,5408.947522890329,,,,,
61,FLAT_SEGMENT,395.0,394.0,1.0,0.00019999999963480334,5000.000009129916,,,,,
121,FLAT_SEGMENT,45.0,45.0,0.0,0.0,4999.9999699652635,,,,,
125,FLAT_SEGMENT,8.0,9.0,-1.0,-0.00038055330116546025,2627.7527929398025,,,,,
136,FLAT_SEGMENT,8.0,9.0,-1.0,-0.00020000000354460716,4999.999911384823,,,,,
138,FLAT_SEGMENT,7.0,7.0,0.0,0.0,8085.843129044345,,,,,
143,FLAT_SEGMENT,9.0,8.0,1.0,0.00010000000069207291,9999.99993079271,,,,,
144,FLAT_SEGMENT,9.0,8.0,1.0,0.0003718684144216869,2689.123252253503,,,,,
145,FLAT_SEGMENT,8.0,9.0,-1.0,-0.0004327361810202732,2310.8767971337047,,,,,
162,FLAT_SEGMENT,704.0,704.0,0.0,0.0,15000.000056625555,,,,,
189,FLAT_SEGMENT,202.0,202.0,0.0,0.0,17143.01288576028,,,,,
228,FLAT_SEGMENT,148.0,147.0,1.0,0.0006167114368674958,1621.503899910415,,,,,
230,FLAT_SEGMENT,36.0,35.0,1.0,0.00019999999895335102,5000.000026166224,,,,,
232,FLAT_SEGMENT,167.0,167.0,0.0,0.0,4999.999980355549,,,,,
238,FLAT_SEGMENT,115.0,115.0,0.0,0.0,841.1252888084961,,,,,
245,FLAT_SEGMENT,35.0,34.0,1.0,0.00019999999972100668,5000.000006974833,,,,,
246,FLAT_SEGMENT,24.0,23.0,1.0,0.0002092769486559007,4778.3571311727665,,,,,
250,FLAT_SEGMENT,23.0,22.0,1.0,0.0001999999991719484,5000.00002070129,,,,,
260,FLAT_SEGMENT,359.0,359.0,0.0,0.0,4999.907771767798,,,,,
268,FLAT_SEGMENT,9.0,8.0,1.0,0.0002426601918800497,4120.989076338957,,,,,
269,FLAT_SEGMENT,8.0,9.0,-1.0,-0.00019999999931330186,5000.000017167454,,,,,
273,FLAT_SEGMENT,133.0,132.0,1.0,0.0005865478171531458,1704.8908388297746,,,,,
274,FLAT_SEGMENT,132.0,132.0,0.0,0.0,6.494666249001351,,,,,
294,FLAT_SEGMENT,144.0,144.0,0.0,0.0,6188.093300860234,,,,,
311,FLAT_SEGMENT,419.0,419.0,0.0,0.0,127.7491301484075,,,,,
344,FLAT_SEGMENT,798.0,798.0,0.0,0.0,340.2440940010437,,,,,
394,FLAT_SEGMENT,46.0,45.0,1.0,0.00018050237866343158,5540.093196581195,,,,,
455,FLAT_SEGMENT,138.0,139.0,-1.0,-0.00020111241947285064,4972.343342202175,,,,,
473,FLAT_SEGMENT,73.0,73.0,0.0,0.0,4999.999999480702,,,,,
481,FLAT_SEGMENT,19.0,19.0,0.0,0.0,5518.527439291769,,,,,
493,FLAT_SEGMENT,31.0,31.0,0.0,0.0,5542.468153350571,,,,,
501,FLAT_SEGMENT,144.0,144.0,0.0,0.0,2696.8054016760316,,,,,
502,FLAT_SEGMENT,144.0,144.0,0.0,0.0,1560.5624146362381,,,,,
503,FLAT_SEGMENT,32.0,32.0,0.0,0.0,5535.007038451181,,,,,
533,FLAT_SEGMENT,129.0,129.0,0.0,0.0,5000.000000017224,,,,,
551,FLAT_SEGMENT,201.0,200.0,1.0,0.00018600001861733838,5376.343547885984,,,,,
585,FLAT_SEGMENT,32.0,31.0,1.0,0.00017972107822620894,5564.177612719045,,,,,
589,FLAT_SEGMENT,86.0,86.0,0.0,0.0,304.2077235909937,,,,,
613,FLAT_SEGMENT,145.0,144.0,1.0,0.00033895608375674884,2950.2346997779455,,,,,
617,FLAT_SEGMENT,33.0,32.0,1.0,9.143158363241697e-05,10937.139665220138,,,,,
618,FLAT_SEGMENT,32.0,33.0,-1.0,-0.0001925547760519074,5193.32742871269,,,,,
651,FLAT_SEGMENT,0.0,0.0,0.0,0.0,1264.1362970943155,,,,,
653,FLAT_SEGMENT,3.0,2.0,1.0,9.999999970643178e-05,10000.000029356823,,,,,
655,FLAT_SEGMENT,0.0,0.0,0.0,0.0,4654.5114450446345,,,,,
656,FLAT_SEGMENT,0.0,0.0,0.0,0.0,345.4885999230754,,,,,
664,FLAT_SEGMENT,132.0,132.0,0.0,0.0,6.833344510856902,,,,,
665,FLAT_SEGMENT,132.0,132.0,0.0,0.0,6.494608749446885,,,,,
666,FLAT_SEGMENT,132.0,132.0,0.0,0.0,5528.677477289445,,,,,
668,FLAT_SEGMENT,3.0,4.0,-1.0,-0.00017332970341290676,5769.3515901183755,,,,,
669,FLAT_SEGMENT,47.0,46.0,1.0,0.00017991769995230568,5558.096842417893,,,,,
670,FLAT_SEGMENT,54.0,53.0,1.0,0.00032794325213126327,3049.3080540646033,,,,,
672,FLAT_SEGMENT,55.0,54.0,1.0,0.00018374315033343376,5442.379746865811,,,,,
676,FLAT_SEGMENT,100.0,99.0,1.0,0.00018173027972195554,5502.660324575432,,,,,
682,FLAT_SEGMENT,4.0,3.0,1.0,0.0001759626382736917,5683.024588689124,,,,,
684,FLAT_SEGMENT,6.0,6.0,0.0,0.0,5402.793309403432,,,,,
686,FLAT_SEGMENT,72.0,71.0,1.0,0.0002195633490947857,4554.4942000693345,,,,,
687,FLAT_SEGMENT,82.0,83.0,-1.0,-0.00018570984269039416,5384.744209100151,,,,,
696,FLAT_SEGMENT,32.0,32.0,0.0,0.0,5538.775518063538,,,,,
698,FLAT_SEGMENT,9.0,8.0,1.0,0.0002822530144098049,3542.920532101364,,,,,
700,FLAT_SEGMENT,23.0,22.0,1.0,0.00019288041313204982,5184.559612672438,,,,,
701,FLAT_SEGMENT,24.0,23.0,1.0,0.00018530689972739493,5396.45313515633,,,,,
703,FLAT_SEGMENT,26.0,26.0,0.0,0.0,5276.971969187826,,,,,
704,FLAT_SEGMENT,27.0,26.0,1.0,0.00018366672435142587,5444.644387987293,,,,,
707,FLAT_SEGMENT,11.0,12.0,-1.0,-0.00038451231613214037,2600.6969297086,,,,,
712,FLAT_SEGMENT,20.0,19.0,1.0,0.00018428026191057913,5426.517140968922,,,,,
714,FLAT_SEGMENT,22.0,22.0,0.0,0.0,5534.403835649349,,,,,
715,FLAT_SEGMENT,24.0,24.0,0.0,0.0,5257.862886992416,,,,,
716,FLAT_SEGMENT,11.0,12.0,-1.0,-0.00018126853509577365,5516.677229567987,,,,,
717,FLAT_SEGMENT,19.0,20.0,-1.0,-0.0001838512281736726,5439.180417415343,,,,,
719,FLAT_SEGMENT,14.0,14.0,0.0,0.0,5472.1540238704565,,,,,
720,FLAT_SEGMENT,13.0,14.0,-1.0,-0.00017822765535207205,5610.8015224943265,,,,,
721,FLAT_SEGMENT,13.0,13.0,0.0,0.0,5702.539533686024,,,,,
722,FLAT_SEGMENT,16.0,15.0,1.0,0.00018510695322747402,5402.282208011501,,,,,
725,FLAT_SEGMENT,16.0,15.0,1.0,0.00018600142695921864,5376.302839973658,,,,,
727,FLAT_SEGMENT,14.0,13.0,1.0,0.00018054589581659573,5538.757862520629,,,,,
728,FLAT_SEGMENT,15.0,14.0,1.0,0.00018165365637174644,5504.9814023756435,,,,,
