edge_id,source_node,target_node,component_id,reaches_garde,directed_path_found,undirected_path_found,distance_to_garde_km,failure_reason,geometry_ref
1,87,117,5,False,False,True,,WRONG_DIRECTION_CANDIDATE,geo_work.reseau_hydro_edges_final_candidate_20260602.gid=1
2,117,118,5,False,False,True,,WRONG_DIRECTION_CANDIDATE,geo_work.reseau_hydro_edges_final_candidate_20260602.gid=2
3,118,119,5,False,False,True,,WRONG_DIRECTION_CANDIDATE,geo_work.reseau_hydro_edges_final_candidate_20260602.gid=3
4,119,347,5,False,False,True,,WRONG_DIRECTION_CANDIDATE,geo_work.reseau_hydro_edges_final_candidate_20260602.gid=4
5,347,102,5,False,False,True,,WRONG_DIRECTION_CANDIDATE,geo_work.reseau_hydro_edges_final_candidate_20260602.gid=5
6,102,103,5,False,False,True,,WRONG_DIRECTION_CANDIDATE,geo_work.reseau_hydro_edges_final_candidate_20260602.gid=6
7,103,265,5,False,False,True,,WRONG_DIRECTION_CANDIDATE,geo_work.reseau_hydro_edges_final_candidate_20260602.gid=7
8,265,334,5,False,False,True,,WRONG_DIRECTION_CANDIDATE,geo_work.reseau_hydro_edges_final_candidate_20260602.gid=8
9,334,348,5,False,False,True,,WRONG_DIRECTION_CANDIDATE,geo_work.reseau_hydro_edges_final_candidate_20260602.gid=9
10,348,349,5,False,False,True,,WRONG_DIRECTION_CANDIDATE,geo_work.reseau_hydro_edges_final_candidate_20260602.gid=10
11,72,73,72,False,False,False,,UNKNOWN,geo_work.reseau_hydro_edges_final_candidate_20260602.gid=11
12,113,114,72,False,False,False,,UNKNOWN,geo_work.reseau_hydro_edges_final_candidate_20260602.gid=12
13,114,115,72,False,False,False,,UNKNOWN,geo_work.reseau_hydro_edges_final_candidate_20260602.gid=13
14,115,116,72,False,False,False,,UNKNOWN,geo_work.reseau_hydro_edges_final_candidate_20260602.gid=14
15,116,72,72,False,False,False,,UNKNOWN,geo_work.reseau_hydro_edges_final_candidate_20260602.gid=15
16,135,173,5,False,False,True,,WRONG_DIRECTION_CANDIDATE,geo_work.reseau_hydro_edges_final_candidate_20260602.gid=16
17,173,350,5,False,False,True,,WRONG_DIRECTION_CANDIDATE,geo_work.reseau_hydro_edges_final_candidate_20260602.gid=17
18,350,351,5,False,False,True,,WRONG_DIRECTION_CANDIDATE,geo_work.reseau_hydro_edges_final_candidate_20260602.gid=18
19,351,446,5,False,False,True,,WRONG_DIRECTION_CANDIDATE,geo_work.reseau_hydro_edges_final_candidate_20260602.gid=19
20,446,87,5,False,False,True,,WRONG_DIRECTION_CANDIDATE,geo_work.reseau_hydro_edges_final_candidate_20260602.gid=20
21,317,318,5,True,True,True,237.595,REACHES_GARDE,geo_work.reseau_hydro_edges_final_candidate_20260602.gid=21
22,318,328,5,True,True,True,232.037,REACHES_GARDE,geo_work.reseau_hydro_edges_final_candidate_20260602.gid=22
23,328,461,5,True,True,True,226.497,REACHES_GARDE,geo_work.reseau_hydro_edges_final_candidate_20260602.gid=23
24,461,462,5,True,True,True,220.997,REACHES_GARDE,geo_work.reseau_hydro_edges_final_candidate_20260602.gid=24
25,462,453,5,True,True,True,215.616,REACHES_GARDE,geo_work.reseau_hydro_edges_final_candidate_20260602.gid=25
26,453,250,5,True,True,True,210.022,REACHES_GARDE,geo_work.reseau_hydro_edges_final_candidate_20260602.gid=26
27,250,251,5,True,True,True,204.483,REACHES_GARDE,geo_work.reseau_hydro_edges_final_candidate_20260602.gid=27
28,251,274,5,True,True,True,198.948,REACHES_GARDE,geo_work.reseau_hydro_edges_final_candidate_20260602.gid=28
29,274,344,5,True,True,True,193.504,REACHES_GARDE,geo_work.reseau_hydro_edges_final_candidate_20260602.gid=29
30,344,346,5,True,True,True,187.991,REACHES_GARDE,geo_work.reseau_hydro_edges_final_candidate_20260602.gid=30
31,346,362,5,True,True,True,182.547,REACHES_GARDE,geo_work.reseau_hydro_edges_final_candidate_20260602.gid=31
32,362,94,5,True,True,True,177.154,REACHES_GARDE,geo_work.reseau_hydro_edges_final_candidate_20260602.gid=32
33,94,95,5,True,True,True,171.611,REACHES_GARDE,geo_work.reseau_hydro_edges_final_candidate_20260602.gid=33
34,95,96,5,True,True,True,166.051,REACHES_GARDE,geo_work.reseau_hydro_edges_final_candidate_20260602.gid=34
35,96,448,5,True,True,True,160.632,REACHES_GARDE,geo_work.reseau_hydro_edges_final_candidate_20260602.gid=35
36,448,25,5,True,True,True,155.256,REACHES_GARDE,geo_work.reseau_hydro_edges_final_candidate_20260602.gid=36
37,25,26,5,True,True,True,149.811,REACHES_GARDE,geo_work.reseau_hydro_edges_final_candidate_20260602.gid=37
38,26,304,5,True,True,True,144.534,REACHES_GARDE,geo_work.reseau_hydro_edges_final_candidate_20260602.gid=38
39,304,305,5,True,True,True,139.138,REACHES_GARDE,geo_work.reseau_hydro_edges_final_candidate_20260602.gid=39
40,305,74,5,True,True,True,133.88,REACHES_GARDE,geo_work.reseau_hydro_edges_final_candidate_20260602.gid=40
41,74,75,5,True,True,True,128.484,REACHES_GARDE,geo_work.reseau_hydro_edges_final_candidate_20260602.gid=41
42,75,180,5,True,True,True,123.299,REACHES_GARDE,geo_work.reseau_hydro_edges_final_candidate_20260602.gid=42
43,180,302,5,True,True,True,117.765,REACHES_GARDE,geo_work.reseau_hydro_edges_final_candidate_20260602.gid=43
44,302,309,5,True,True,True,112.449,REACHES_GARDE,geo_work.reseau_hydro_edges_final_candidate_20260602.gid=44
45,309,320,5,True,True,True,107.022,REACHES_GARDE,geo_work.reseau_hydro_edges_final_candidate_20260602.gid=45
46,320,321,5,True,True,True,101.504,REACHES_GARDE,geo_work.reseau_hydro_edges_final_candidate_20260602.gid=46
47,321,322,5,True,True,True,96.065,REACHES_GARDE,geo_work.reseau_hydro_edges_final_candidate_20260602.gid=47
48,322,84,5,True,True,True,90.785,REACHES_GARDE,geo_work.reseau_hydro_edges_final_candidate_20260602.gid=48
49,84,85,5,True,True,True,85.409,REACHES_GARDE,geo_work.reseau_hydro_edges_final_candidate_20260602.gid=49
50,85,315,5,True,True,True,79.896,REACHES_GARDE,geo_work.reseau_hydro_edges_final_candidate_20260602.gid=50
51,315,426,5,True,True,True,74.529,REACHES_GARDE,geo_work.reseau_hydro_edges_final_candidate_20260602.gid=51
52,426,427,5,True,True,True,69.126,REACHES_GARDE,geo_work.reseau_hydro_edges_final_candidate_20260602.gid=52
53,427,394,5,True,True,True,63.621,REACHES_GARDE,geo_work.reseau_hydro_edges_final_candidate_20260602.gid=53
54,394,395,5,True,True,True,58.083,REACHES_GARDE,geo_work.reseau_hydro_edges_final_candidate_20260602.gid=54
55,395,447,5,True,True,True,52.38,REACHES_GARDE,geo_work.reseau_hydro_edges_final_candidate_20260602.gid=55
56,447,431,5,True,True,True,46.769,REACHES_GARDE,geo_work.reseau_hydro_edges_final_candidate_20260602.gid=56
57,431,432,5,True,True,True,41.297,REACHES_GARDE,geo_work.reseau_hydro_edges_final_candidate_20260602.gid=57
58,432,454,5,True,True,True,35.781,REACHES_GARDE,geo_work.reseau_hydro_edges_final_candidate_20260602.gid=58
59,454,370,5,True,True,True,30.265,REACHES_GARDE,geo_work.reseau_hydro_edges_final_candidate_20260602.gid=59
60,370,371,5,True,True,True,24.709,REACHES_GARDE,geo_work.reseau_hydro_edges_final_candidate_20260602.gid=60
61,371,463,5,True,True,True,19.216,REACHES_GARDE,geo_work.reseau_hydro_edges_final_candidate_20260602.gid=61
62,463,464,5,True,True,True,13.639,REACHES_GARDE,geo_work.reseau_hydro_edges_final_candidate_20260602.gid=62
63,464,465,5,True,True,True,8.285,REACHES_GARDE,geo_work.reseau_hydro_edges_final_candidate_20260602.gid=63
64,465,97,5,True,True,True,2.601,REACHES_GARDE,geo_work.reseau_hydro_edges_final_candidate_20260602.gid=64
65,97,98,5,True,True,True,0.0,REACHES_GARDE,geo_work.reseau_hydro_edges_final_candidate_20260602.gid=65
66,98,99,5,False,False,True,,WRONG_DIRECTION_CANDIDATE,geo_work.reseau_hydro_edges_final_candidate_20260602.gid=66
67,99,345,5,False,False,True,,WRONG_DIRECTION_CANDIDATE,geo_work.reseau_hydro_edges_final_candidate_20260602.gid=67
68,345,86,5,False,False,True,,WRONG_DIRECTION_CANDIDATE,geo_work.reseau_hydro_edges_final_candidate_20260602.gid=68
69,86,87,5,False,False,True,,WRONG_DIRECTION_CANDIDATE,geo_work.reseau_hydro_edges_final_candidate_20260602.gid=69
70,467,468,72,False,False,False,,UNKNOWN,geo_work.reseau_hydro_edges_final_candidate_20260602.gid=70
71,468,470,72,False,False,False,,UNKNOWN,geo_work.reseau_hydro_edges_final_candidate_20260602.gid=71
72,470,475,72,False,False,False,,UNKNOWN,geo_work.reseau_hydro_edges_final_candidate_20260602.gid=72
73,475,490,72,False,False,False,,UNKNOWN,geo_work.reseau_hydro_edges_final_candidate_20260602.gid=73
74,490,492,72,False,False,False,,UNKNOWN,geo_work.reseau_hydro_edges_final_candidate_20260602.gid=74
75,492,503,72,False,False,False,,UNKNOWN,geo_work.reseau_hydro_edges_final_candidate_20260602.gid=75
76,503,379,72,False,False,False,,UNKNOWN,geo_work.reseau_hydro_edges_final_candidate_20260602.gid=76
77,379,380,72,False,False,False,,UNKNOWN,geo_work.reseau_hydro_edges_final_candidate_20260602.gid=77
78,380,381,72,False,False,False,,UNKNOWN,geo_work.reseau_hydro_edges_final_candidate_20260602.gid=78
79,381,384,72,False,False,False,,UNKNOWN,geo_work.reseau_hydro_edges_final_candidate_20260602.gid=79
80,384,428,72,False,False,False,,UNKNOWN,geo_work.reseau_hydro_edges_final_candidate_20260602.gid=80
81,428,433,72,False,False,False,,UNKNOWN,geo_work.reseau_hydro_edges_final_candidate_20260602.gid=81
82,433,429,72,False,False,False,,UNKNOWN,geo_work.reseau_hydro_edges_final_candidate_20260602.gid=82
83,429,430,72,False,False,False,,UNKNOWN,geo_work.reseau_hydro_edges_final_candidate_20260602.gid=83
84,430,434,72,False,False,False,,UNKNOWN,geo_work.reseau_hydro_edges_final_candidate_20260602.gid=84
85,434,365,72,False,False,False,,UNKNOWN,geo_work.reseau_hydro_edges_final_candidate_20260602.gid=85
86,365,113,72,False,False,False,,UNKNOWN,geo_work.reseau_hydro_edges_final_candidate_20260602.gid=86
87,61,62,61,False,False,False,,UNKNOWN,geo_work.reseau_hydro_edges_final_candidate_20260602.gid=87
88,62,147,61,False,False,False,,UNKNOWN,geo_work.reseau_hydro_edges_final_candidate_20260602.gid=88
89,443,438,5,False,False,True,,WRONG_DIRECTION_CANDIDATE,geo_work.reseau_hydro_edges_final_candidate_20260602.gid=89
90,438,439,5,False,False,True,,WRONG_DIRECTION_CANDIDATE,geo_work.reseau_hydro_edges_final_candidate_20260602.gid=90
91,439,449,5,False,False,True,,WRONG_DIRECTION_CANDIDATE,geo_work.reseau_hydro_edges_final_candidate_20260602.gid=91
92,449,460,5,False,False,True,,WRONG_DIRECTION_CANDIDATE,geo_work.reseau_hydro_edges_final_candidate_20260602.gid=92
93,460,485,5,False,False,True,,WRONG_DIRECTION_CANDIDATE,geo_work.reseau_hydro_edges_final_candidate_20260602.gid=93
94,485,488,5,False,False,True,,WRONG_DIRECTION_CANDIDATE,geo_work.reseau_hydro_edges_final_candidate_20260602.gid=94
95,488,494,5,False,False,True,,WRONG_DIRECTION_CANDIDATE,geo_work.reseau_hydro_edges_final_candidate_20260602.gid=95
96,494,500,5,False,False,True,,WRONG_DIRECTION_CANDIDATE,geo_work.reseau_hydro_edges_final_candidate_20260602.gid=96
97,500,502,5,False,False,True,,WRONG_DIRECTION_CANDIDATE,geo_work.reseau_hydro_edges_final_candidate_20260602.gid=97
98,502,501,5,False,False,True,,WRONG_DIRECTION_CANDIDATE,geo_work.reseau_hydro_edges_final_candidate_20260602.gid=98
99,501,369,5,False,False,True,,WRONG_DIRECTION_CANDIDATE,geo_work.reseau_hydro_edges_final_candidate_20260602.gid=99
100,369,359,5,False,False,True,,WRONG_DIRECTION_CANDIDATE,geo_work.reseau_hydro_edges_final_candidate_20260602.gid=100
101,359,360,5,False,False,True,,WRONG_DIRECTION_CANDIDATE,geo_work.reseau_hydro_edges_final_candidate_20260602.gid=101
102,360,363,5,False,False,True,,WRONG_DIRECTION_CANDIDATE,geo_work.reseau_hydro_edges_final_candidate_20260602.gid=102
103,363,364,5,False,False,True,,WRONG_DIRECTION_CANDIDATE,geo_work.reseau_hydro_edges_final_candidate_20260602.gid=103
104,364,396,5,False,False,True,,WRONG_DIRECTION_CANDIDATE,geo_work.reseau_hydro_edges_final_candidate_20260602.gid=104
105,396,307,5,False,False,True,,WRONG_DIRECTION_CANDIDATE,geo_work.reseau_hydro_edges_final_candidate_20260602.gid=105
106,307,308,5,False,False,True,,WRONG_DIRECTION_CANDIDATE,geo_work.reseau_hydro_edges_final_candidate_20260602.gid=106
107,308,132,5,False,False,True,,WRONG_DIRECTION_CANDIDATE,geo_work.reseau_hydro_edges_final_candidate_20260602.gid=107
108,132,133,5,False,False,True,,WRONG_DIRECTION_CANDIDATE,geo_work.reseau_hydro_edges_final_candidate_20260602.gid=108
109,133,134,5,False,False,True,,WRONG_DIRECTION_CANDIDATE,geo_work.reseau_hydro_edges_final_candidate_20260602.gid=109
110,134,135,5,False,False,True,,WRONG_DIRECTION_CANDIDATE,geo_work.reseau_hydro_edges_final_candidate_20260602.gid=110
111,161,162,5,False,False,True,,WRONG_DIRECTION_CANDIDATE,geo_work.reseau_hydro_edges_final_candidate_20260602.gid=111
112,162,397,5,False,False,True,,WRONG_DIRECTION_CANDIDATE,geo_work.reseau_hydro_edges_final_candidate_20260602.gid=112
113,397,408,5,False,False,True,,WRONG_DIRECTION_CANDIDATE,geo_work.reseau_hydro_edges_final_candidate_20260602.gid=113
114,408,415,5,False,False,True,,WRONG_DIRECTION_CANDIDATE,geo_work.reseau_hydro_edges_final_candidate_20260602.gid=114
115,415,496,5,False,False,True,,WRONG_DIRECTION_CANDIDATE,geo_work.reseau_hydro_edges_final_candidate_20260602.gid=115
116,496,416,5,False,False,True,,WRONG_DIRECTION_CANDIDATE,geo_work.reseau_hydro_edges_final_candidate_20260602.gid=116
117,416,417,5,False,False,True,,WRONG_DIRECTION_CANDIDATE,geo_work.reseau_hydro_edges_final_candidate_20260602.gid=117
118,417,403,5,False,False,True,,WRONG_DIRECTION_CANDIDATE,geo_work.reseau_hydro_edges_final_candidate_20260602.gid=118
119,403,404,5,False,False,True,,WRONG_DIRECTION_CANDIDATE,geo_work.reseau_hydro_edges_final_candidate_20260602.gid=119
120,404,386,5,False,False,True,,WRONG_DIRECTION_CANDIDATE,geo_work.reseau_hydro_edges_final_candidate_20260602.gid=120
121,386,387,5,False,False,True,,WRONG_DIRECTION_CANDIDATE,geo_work.reseau_hydro_edges_final_candidate_20260602.gid=121
122,387,352,5,False,False,True,,WRONG_DIRECTION_CANDIDATE,geo_work.reseau_hydro_edges_final_candidate_20260602.gid=122
123,352,353,5,False,False,True,,WRONG_DIRECTION_CANDIDATE,geo_work.reseau_hydro_edges_final_candidate_20260602.gid=123
124,353,356,5,False,False,True,,WRONG_DIRECTION_CANDIDATE,geo_work.reseau_hydro_edges_final_candidate_20260602.gid=124
125,356,372,5,False,False,True,,WRONG_DIRECTION_CANDIDATE,geo_work.reseau_hydro_edges_final_candidate_20260602.gid=125
126,372,172,5,False,False,True,,WRONG_DIRECTION_CANDIDATE,geo_work.reseau_hydro_edges_final_candidate_20260602.gid=126
127,172,135,5,False,False,True,,WRONG_DIRECTION_CANDIDATE,geo_work.reseau_hydro_edges_final_candidate_20260602.gid=127
128,390,391,61,False,False,False,,UNKNOWN,geo_work.reseau_hydro_edges_final_candidate_20260602.gid=128
129,391,341,61,False,False,False,,UNKNOWN,geo_work.reseau_hydro_edges_final_candidate_20260602.gid=129
130,341,342,61,False,False,False,,UNKNOWN,geo_work.reseau_hydro_edges_final_candidate_20260602.gid=130
131,342,343,61,False,False,False,,UNKNOWN,geo_work.reseau_hydro_edges_final_candidate_20260602.gid=131
132,343,61,61,False,False,False,,UNKNOWN,geo_work.reseau_hydro_edges_final_candidate_20260602.gid=132
133,457,151,61,False,False,False,,UNKNOWN,geo_work.reseau_hydro_edges_final_candidate_20260602.gid=133
134,151,152,61,False,False,False,,UNKNOWN,geo_work.reseau_hydro_edges_final_candidate_20260602.gid=134
135,152,156,61,False,False,False,,UNKNOWN,geo_work.reseau_hydro_edges_final_candidate_20260602.gid=135
136,156,61,61,False,False,False,,UNKNOWN,geo_work.reseau_hydro_edges_final_candidate_20260602.gid=136
137,508,374,5,False,False,True,,WRONG_DIRECTION_CANDIDATE,geo_work.reseau_hydro_edges_final_candidate_20260602.gid=137
138,374,375,5,False,False,True,,WRONG_DIRECTION_CANDIDATE,geo_work.reseau_hydro_edges_final_candidate_20260602.gid=138
139,375,376,5,False,False,True,,WRONG_DIRECTION_CANDIDATE,geo_work.reseau_hydro_edges_final_candidate_20260602.gid=139
140,376,388,5,False,False,True,,WRONG_DIRECTION_CANDIDATE,geo_work.reseau_hydro_edges_final_candidate_20260602.gid=140
141,388,32,5,False,False,True,,WRONG_DIRECTION_CANDIDATE,geo_work.reseau_hydro_edges_final_candidate_20260602.gid=141
142,510,511,5,False,False,True,,WRONG_DIRECTION_CANDIDATE,geo_work.reseau_hydro_edges_final_candidate_20260602.gid=142
143,511,178,5,False,False,True,,WRONG_DIRECTION_CANDIDATE,geo_work.reseau_hydro_edges_final_candidate_20260602.gid=143
144,178,179,5,False,False,True,,WRONG_DIRECTION_CANDIDATE,geo_work.reseau_hydro_edges_final_candidate_20260602.gid=144
145,179,181,5,False,False,True,,WRONG_DIRECTION_CANDIDATE,geo_work.reseau_hydro_edges_final_candidate_20260602.gid=145
146,181,479,5,False,False,True,,WRONG_DIRECTION_CANDIDATE,geo_work.reseau_hydro_edges_final_candidate_20260602.gid=146
147,509,393,61,False,False,False,,UNKNOWN,geo_work.reseau_hydro_edges_final_candidate_20260602.gid=147
148,393,377,61,False,False,False,,UNKNOWN,geo_work.reseau_hydro_edges_final_candidate_20260602.gid=148
149,377,378,61,False,False,False,,UNKNOWN,geo_work.reseau_hydro_edges_final_candidate_20260602.gid=149
150,378,389,61,False,False,False,,UNKNOWN,geo_work.reseau_hydro_edges_final_candidate_20260602.gid=150
151,389,390,61,False,False,False,,UNKNOWN,geo_work.reseau_hydro_edges_final_candidate_20260602.gid=151
152,459,456,5,False,False,True,,WRONG_DIRECTION_CANDIDATE,geo_work.reseau_hydro_edges_final_candidate_20260602.gid=152
153,456,160,5,False,False,True,,WRONG_DIRECTION_CANDIDATE,geo_work.reseau_hydro_edges_final_candidate_20260602.gid=153
154,160,161,5,False,False,True,,WRONG_DIRECTION_CANDIDATE,geo_work.reseau_hydro_edges_final_candidate_20260602.gid=154
155,477,478,5,False,False,True,,WRONG_DIRECTION_CANDIDATE,geo_work.reseau_hydro_edges_final_candidate_20260602.gid=155
156,478,471,5,False,False,True,,WRONG_DIRECTION_CANDIDATE,geo_work.reseau_hydro_edges_final_candidate_20260602.gid=156
157,479,473,5,False,False,True,,WRONG_DIRECTION_CANDIDATE,geo_work.reseau_hydro_edges_final_candidate_20260602.gid=157
158,473,186,5,False,False,True,,WRONG_DIRECTION_CANDIDATE,geo_work.reseau_hydro_edges_final_candidate_20260602.gid=158
159,27,479,5,False,False,True,,WRONG_DIRECTION_CANDIDATE,geo_work.reseau_hydro_edges_final_candidate_20260602.gid=159
160,136,137,5,False,False,True,,WRONG_DIRECTION_CANDIDATE,geo_work.reseau_hydro_edges_final_candidate_20260602.gid=160
161,137,138,5,False,False,True,,WRONG_DIRECTION_CANDIDATE,geo_work.reseau_hydro_edges_final_candidate_20260602.gid=161
162,138,29,5,False,False,True,,WRONG_DIRECTION_CANDIDATE,geo_work.reseau_hydro_edges_final_candidate_20260602.gid=162
163,30,28,5,False,False,True,,WRONG_DIRECTION_CANDIDATE,geo_work.reseau_hydro_edges_final_candidate_20260602.gid=163
164,471,472,5,False,False,True,,WRONG_DIRECTION_CANDIDATE,geo_work.reseau_hydro_edges_final_candidate_20260602.gid=164
165,472,161,5,False,False,True,,WRONG_DIRECTION_CANDIDATE,geo_work.reseau_hydro_edges_final_candidate_20260602.gid=165
166,32,495,5,False,False,True,,WRONG_DIRECTION_CANDIDATE,geo_work.reseau_hydro_edges_final_candidate_20260602.gid=166
167,495,76,5,False,False,True,,WRONG_DIRECTION_CANDIDATE,geo_work.reseau_hydro_edges_final_candidate_20260602.gid=167
168,76,77,5,False,False,True,,WRONG_DIRECTION_CANDIDATE,geo_work.reseau_hydro_edges_final_candidate_20260602.gid=168
169,77,78,5,False,False,True,,WRONG_DIRECTION_CANDIDATE,geo_work.reseau_hydro_edges_final_candidate_20260602.gid=169
170,78,104,5,False,False,True,,WRONG_DIRECTION_CANDIDATE,geo_work.reseau_hydro_edges_final_candidate_20260602.gid=170
171,104,332,5,False,False,True,,WRONG_DIRECTION_CANDIDATE,geo_work.reseau_hydro_edges_final_candidate_20260602.gid=171
172,332,471,5,False,False,True,,WRONG_DIRECTION_CANDIDATE,geo_work.reseau_hydro_edges_final_candidate_20260602.gid=172
173,329,330,5,False,False,True,,WRONG_DIRECTION_CANDIDATE,geo_work.reseau_hydro_edges_final_candidate_20260602.gid=173
174,330,331,5,False,False,True,,WRONG_DIRECTION_CANDIDATE,geo_work.reseau_hydro_edges_final_candidate_20260602.gid=174
175,331,31,5,False,False,True,,WRONG_DIRECTION_CANDIDATE,geo_work.reseau_hydro_edges_final_candidate_20260602.gid=175
176,31,32,5,False,False,True,,WRONG_DIRECTION_CANDIDATE,geo_work.reseau_hydro_edges_final_candidate_20260602.gid=176
177,514,515,5,False,False,True,,WRONG_DIRECTION_CANDIDATE,geo_work.reseau_hydro_edges_final_candidate_20260602.gid=177
178,515,507,5,False,False,True,,WRONG_DIRECTION_CANDIDATE,geo_work.reseau_hydro_edges_final_candidate_20260602.gid=178
179,507,329,5,False,False,True,,WRONG_DIRECTION_CANDIDATE,geo_work.reseau_hydro_edges_final_candidate_20260602.gid=179
180,186,329,5,False,False,True,,WRONG_DIRECTION_CANDIDATE,geo_work.reseau_hydro_edges_final_candidate_20260602.gid=180
181,20,385,5,False,False,True,,WRONG_DIRECTION_CANDIDATE,geo_work.reseau_hydro_edges_final_candidate_20260602.gid=181
182,385,184,5,False,False,True,,WRONG_DIRECTION_CANDIDATE,geo_work.reseau_hydro_edges_final_candidate_20260602.gid=182
183,184,185,5,False,False,True,,WRONG_DIRECTION_CANDIDATE,geo_work.reseau_hydro_edges_final_candidate_20260602.gid=183
184,185,186,5,False,False,True,,WRONG_DIRECTION_CANDIDATE,geo_work.reseau_hydro_edges_final_candidate_20260602.gid=184
185,357,358,357,False,False,False,,UNKNOWN,geo_work.reseau_hydro_edges_final_candidate_20260602.gid=185
186,136,131,5,False,False,True,,WRONG_DIRECTION_CANDIDATE,geo_work.reseau_hydro_edges_final_candidate_20260602.gid=186
187,129,131,5,False,False,True,,WRONG_DIRECTION_CANDIDATE,geo_work.reseau_hydro_edges_final_candidate_20260602.gid=187
188,366,367,5,False,False,True,,WRONG_DIRECTION_CANDIDATE,geo_work.reseau_hydro_edges_final_candidate_20260602.gid=188
189,367,368,5,False,False,True,,WRONG_DIRECTION_CANDIDATE,geo_work.reseau_hydro_edges_final_candidate_20260602.gid=189
190,368,127,5,False,False,True,,WRONG_DIRECTION_CANDIDATE,geo_work.reseau_hydro_edges_final_candidate_20260602.gid=190
191,127,128,5,False,False,True,,WRONG_DIRECTION_CANDIDATE,geo_work.reseau_hydro_edges_final_candidate_20260602.gid=191
192,128,129,5,False,False,True,,WRONG_DIRECTION_CANDIDATE,geo_work.reseau_hydro_edges_final_candidate_20260602.gid=192
193,392,129,5,False,False,True,,WRONG_DIRECTION_CANDIDATE,geo_work.reseau_hydro_edges_final_candidate_20260602.gid=193
194,517,518,5,False,False,True,,WRONG_DIRECTION_CANDIDATE,geo_work.reseau_hydro_edges_final_candidate_20260602.gid=194
195,518,519,5,False,False,True,,WRONG_DIRECTION_CANDIDATE,geo_work.reseau_hydro_edges_final_candidate_20260602.gid=195
196,519,514,5,False,False,True,,WRONG_DIRECTION_CANDIDATE,geo_work.reseau_hydro_edges_final_candidate_20260602.gid=196
197,206,207,5,False,False,True,,WRONG_DIRECTION_CANDIDATE,geo_work.reseau_hydro_edges_final_candidate_20260602.gid=197
198,207,516,5,False,False,True,,WRONG_DIRECTION_CANDIDATE,geo_work.reseau_hydro_edges_final_candidate_20260602.gid=198
199,516,522,5,False,False,True,,WRONG_DIRECTION_CANDIDATE,geo_work.reseau_hydro_edges_final_candidate_20260602.gid=199
200,522,523,5,False,False,True,,WRONG_DIRECTION_CANDIDATE,geo_work.reseau_hydro_edges_final_candidate_20260602.gid=200
201,523,524,5,False,False,True,,WRONG_DIRECTION_CANDIDATE,geo_work.reseau_hydro_edges_final_candidate_20260602.gid=201
202,524,525,5,False,False,True,,WRONG_DIRECTION_CANDIDATE,geo_work.reseau_hydro_edges_final_candidate_20260602.gid=202
203,525,526,5,False,False,True,,WRONG_DIRECTION_CANDIDATE,geo_work.reseau_hydro_edges_final_candidate_20260602.gid=203
204,526,531,5,False,False,True,,WRONG_DIRECTION_CANDIDATE,geo_work.reseau_hydro_edges_final_candidate_20260602.gid=204
205,531,514,5,False,False,True,,WRONG_DIRECTION_CANDIDATE,geo_work.reseau_hydro_edges_final_candidate_20260602.gid=205
206,409,410,5,False,False,True,,WRONG_DIRECTION_CANDIDATE,geo_work.reseau_hydro_edges_final_candidate_20260602.gid=206
207,410,411,5,False,False,True,,WRONG_DIRECTION_CANDIDATE,geo_work.reseau_hydro_edges_final_candidate_20260602.gid=207
208,411,413,5,False,False,True,,WRONG_DIRECTION_CANDIDATE,geo_work.reseau_hydro_edges_final_candidate_20260602.gid=208
209,413,445,5,False,False,True,,WRONG_DIRECTION_CANDIDATE,geo_work.reseau_hydro_edges_final_candidate_20260602.gid=209
210,445,400,5,False,False,True,,WRONG_DIRECTION_CANDIDATE,geo_work.reseau_hydro_edges_final_candidate_20260602.gid=210
211,400,401,5,False,False,True,,WRONG_DIRECTION_CANDIDATE,geo_work.reseau_hydro_edges_final_candidate_20260602.gid=211
212,401,144,5,False,False,True,,WRONG_DIRECTION_CANDIDATE,geo_work.reseau_hydro_edges_final_candidate_20260602.gid=212
213,144,145,5,False,False,True,,WRONG_DIRECTION_CANDIDATE,geo_work.reseau_hydro_edges_final_candidate_20260602.gid=213
214,145,146,5,False,False,True,,WRONG_DIRECTION_CANDIDATE,geo_work.reseau_hydro_edges_final_candidate_20260602.gid=214
215,146,425,5,False,False,True,,WRONG_DIRECTION_CANDIDATE,geo_work.reseau_hydro_edges_final_candidate_20260602.gid=215
216,425,423,5,False,False,True,,WRONG_DIRECTION_CANDIDATE,geo_work.reseau_hydro_edges_final_candidate_20260602.gid=216
217,423,424,5,False,False,True,,WRONG_DIRECTION_CANDIDATE,geo_work.reseau_hydro_edges_final_candidate_20260602.gid=217
218,424,392,5,False,False,True,,WRONG_DIRECTION_CANDIDATE,geo_work.reseau_hydro_edges_final_candidate_20260602.gid=218
219,183,21,17,False,False,False,,UNKNOWN,geo_work.reseau_hydro_edges_final_candidate_20260602.gid=219
220,21,22,17,False,False,False,,UNKNOWN,geo_work.reseau_hydro_edges_final_candidate_20260602.gid=220
221,527,493,5,False,False,True,,WRONG_DIRECTION_CANDIDATE,geo_work.reseau_hydro_edges_final_candidate_20260602.gid=221
222,493,491,5,False,False,True,,WRONG_DIRECTION_CANDIDATE,geo_work.reseau_hydro_edges_final_candidate_20260602.gid=222
223,491,20,5,False,False,True,,WRONG_DIRECTION_CANDIDATE,geo_work.reseau_hydro_edges_final_candidate_20260602.gid=223
224,528,529,5,False,False,True,,WRONG_DIRECTION_CANDIDATE,geo_work.reseau_hydro_edges_final_candidate_20260602.gid=224
225,529,530,5,False,False,True,,WRONG_DIRECTION_CANDIDATE,geo_work.reseau_hydro_edges_final_candidate_20260602.gid=225
226,530,520,5,False,False,True,,WRONG_DIRECTION_CANDIDATE,geo_work.reseau_hydro_edges_final_candidate_20260602.gid=226
227,520,521,5,False,False,True,,WRONG_DIRECTION_CANDIDATE,geo_work.reseau_hydro_edges_final_candidate_20260602.gid=227
228,521,19,5,False,False,True,,WRONG_DIRECTION_CANDIDATE,geo_work.reseau_hydro_edges_final_candidate_20260602.gid=228
229,19,20,5,False,False,True,,WRONG_DIRECTION_CANDIDATE,geo_work.reseau_hydro_edges_final_candidate_20260602.gid=229
230,121,17,17,False,False,False,,UNKNOWN,geo_work.reseau_hydro_edges_final_candidate_20260602.gid=230
231,17,18,17,False,False,False,,UNKNOWN,geo_work.reseau_hydro_edges_final_candidate_20260602.gid=231
232,18,182,17,False,False,False,,UNKNOWN,geo_work.reseau_hydro_edges_final_candidate_20260602.gid=232
233,182,183,17,False,False,False,,UNKNOWN,geo_work.reseau_hydro_edges_final_candidate_20260602.gid=233
234,310,311,1,False,False,False,,UNKNOWN,geo_work.reseau_hydro_edges_final_candidate_20260602.gid=234
235,310,312,1,False,False,False,,UNKNOWN,geo_work.reseau_hydro_edges_final_candidate_20260602.gid=235
236,312,412,1,False,False,False,,UNKNOWN,geo_work.reseau_hydro_edges_final_candidate_20260602.gid=236
237,534,535,5,False,False,True,,WRONG_DIRECTION_CANDIDATE,geo_work.reseau_hydro_edges_final_candidate_20260602.gid=237
238,535,536,5,False,False,True,,WRONG_DIRECTION_CANDIDATE,geo_work.reseau_hydro_edges_final_candidate_20260602.gid=238
239,536,532,5,False,False,True,,WRONG_DIRECTION_CANDIDATE,geo_work.reseau_hydro_edges_final_candidate_20260602.gid=239
240,532,398,5,False,False,True,,WRONG_DIRECTION_CANDIDATE,geo_work.reseau_hydro_edges_final_candidate_20260602.gid=240
241,398,399,5,False,False,True,,WRONG_DIRECTION_CANDIDATE,geo_work.reseau_hydro_edges_final_candidate_20260602.gid=241
242,399,402,5,False,False,True,,WRONG_DIRECTION_CANDIDATE,geo_work.reseau_hydro_edges_final_candidate_20260602.gid=242
243,402,414,5,False,False,True,,WRONG_DIRECTION_CANDIDATE,geo_work.reseau_hydro_edges_final_candidate_20260602.gid=243
244,414,542,5,False,False,True,,WRONG_DIRECTION_CANDIDATE,geo_work.reseau_hydro_edges_final_candidate_20260602.gid=244
245,542,443,5,False,False,True,,WRONG_DIRECTION_CANDIDATE,geo_work.reseau_hydro_edges_final_candidate_20260602.gid=245
246,441,550,5,False,False,True,,WRONG_DIRECTION_CANDIDATE,geo_work.reseau_hydro_edges_final_candidate_20260602.gid=246
247,550,553,5,False,False,True,,WRONG_DIRECTION_CANDIDATE,geo_work.reseau_hydro_edges_final_candidate_20260602.gid=247
248,553,562,5,False,False,True,,WRONG_DIRECTION_CANDIDATE,geo_work.reseau_hydro_edges_final_candidate_20260602.gid=248
249,562,203,5,False,False,True,,WRONG_DIRECTION_CANDIDATE,geo_work.reseau_hydro_edges_final_candidate_20260602.gid=249
250,203,204,5,False,False,True,,WRONG_DIRECTION_CANDIDATE,geo_work.reseau_hydro_edges_final_candidate_20260602.gid=250
251,204,208,5,False,False,True,,WRONG_DIRECTION_CANDIDATE,geo_work.reseau_hydro_edges_final_candidate_20260602.gid=251
252,208,563,5,False,False,True,,WRONG_DIRECTION_CANDIDATE,geo_work.reseau_hydro_edges_final_candidate_20260602.gid=252
253,563,566,5,False,False,True,,WRONG_DIRECTION_CANDIDATE,geo_work.reseau_hydro_edges_final_candidate_20260602.gid=253
254,566,551,5,False,False,True,,WRONG_DIRECTION_CANDIDATE,geo_work.reseau_hydro_edges_final_candidate_20260602.gid=254
255,551,552,5,False,False,True,,WRONG_DIRECTION_CANDIDATE,geo_work.reseau_hydro_edges_final_candidate_20260602.gid=255
256,552,442,5,False,False,True,,WRONG_DIRECTION_CANDIDATE,geo_work.reseau_hydro_edges_final_candidate_20260602.gid=256
257,442,443,5,False,False,True,,WRONG_DIRECTION_CANDIDATE,geo_work.reseau_hydro_edges_final_candidate_20260602.gid=257
258,412,313,1,False,False,False,,UNKNOWN,geo_work.reseau_hydro_edges_final_candidate_20260602.gid=258
259,567,557,5,False,False,True,,WRONG_DIRECTION_CANDIDATE,geo_work.reseau_hydro_edges_final_candidate_20260602.gid=259
260,557,558,5,False,False,True,,WRONG_DIRECTION_CANDIDATE,geo_work.reseau_hydro_edges_final_candidate_20260602.gid=260
261,558,559,5,False,False,True,,WRONG_DIRECTION_CANDIDATE,geo_work.reseau_hydro_edges_final_candidate_20260602.gid=261
262,559,206,5,False,False,True,,WRONG_DIRECTION_CANDIDATE,geo_work.reseau_hydro_edges_final_candidate_20260602.gid=262
263,541,540,5,False,False,True,,WRONG_DIRECTION_CANDIDATE,geo_work.reseau_hydro_edges_final_candidate_20260602.gid=263
264,540,205,5,False,False,True,,WRONG_DIRECTION_CANDIDATE,geo_work.reseau_hydro_edges_final_candidate_20260602.gid=264
265,205,206,5,False,False,True,,WRONG_DIRECTION_CANDIDATE,geo_work.reseau_hydro_edges_final_candidate_20260602.gid=265
266,313,314,1,False,False,False,,UNKNOWN,geo_work.reseau_hydro_edges_final_candidate_20260602.gid=266
267,150,141,17,False,False,False,,UNKNOWN,geo_work.reseau_hydro_edges_final_candidate_20260602.gid=267
268,141,142,17,False,False,False,,UNKNOWN,geo_work.reseau_hydro_edges_final_candidate_20260602.gid=268
269,142,143,17,False,False,False,,UNKNOWN,geo_work.reseau_hydro_edges_final_candidate_20260602.gid=269
270,143,209,17,False,False,False,,UNKNOWN,geo_work.reseau_hydro_edges_final_candidate_20260602.gid=270
271,209,210,17,False,False,False,,UNKNOWN,geo_work.reseau_hydro_edges_final_candidate_20260602.gid=271
272,210,319,17,False,False,False,,UNKNOWN,geo_work.reseau_hydro_edges_final_candidate_20260602.gid=272
273,319,212,17,False,False,False,,UNKNOWN,geo_work.reseau_hydro_edges_final_candidate_20260602.gid=273
274,212,120,17,False,False,False,,UNKNOWN,geo_work.reseau_hydro_edges_final_candidate_20260602.gid=274
275,120,121,17,False,False,False,,UNKNOWN,geo_work.reseau_hydro_edges_final_candidate_20260602.gid=275
276,314,316,1,False,False,False,,UNKNOWN,geo_work.reseau_hydro_edges_final_candidate_20260602.gid=276
277,574,573,5,False,False,True,,WRONG_DIRECTION_CANDIDATE,geo_work.reseau_hydro_edges_final_candidate_20260602.gid=277
278,573,436,5,False,False,True,,WRONG_DIRECTION_CANDIDATE,geo_work.reseau_hydro_edges_final_candidate_20260602.gid=278
279,436,437,5,False,False,True,,WRONG_DIRECTION_CANDIDATE,geo_work.reseau_hydro_edges_final_candidate_20260602.gid=279
280,437,440,5,False,False,True,,WRONG_DIRECTION_CANDIDATE,geo_work.reseau_hydro_edges_final_candidate_20260602.gid=280
281,440,441,5,False,False,True,,WRONG_DIRECTION_CANDIDATE,geo_work.reseau_hydro_edges_final_candidate_20260602.gid=281
282,554,545,5,False,False,True,,WRONG_DIRECTION_CANDIDATE,geo_work.reseau_hydro_edges_final_candidate_20260602.gid=282
283,545,546,5,False,False,True,,WRONG_DIRECTION_CANDIDATE,geo_work.reseau_hydro_edges_final_candidate_20260602.gid=283
284,546,572,5,False,False,True,,WRONG_DIRECTION_CANDIDATE,geo_work.reseau_hydro_edges_final_candidate_20260602.gid=284
285,572,575,5,False,False,True,,WRONG_DIRECTION_CANDIDATE,geo_work.reseau_hydro_edges_final_candidate_20260602.gid=285
286,575,577,5,False,False,True,,WRONG_DIRECTION_CANDIDATE,geo_work.reseau_hydro_edges_final_candidate_20260602.gid=286
287,577,578,5,False,False,True,,WRONG_DIRECTION_CANDIDATE,geo_work.reseau_hydro_edges_final_candidate_20260602.gid=287
288,578,436,5,False,False,True,,WRONG_DIRECTION_CANDIDATE,geo_work.reseau_hydro_edges_final_candidate_20260602.gid=288
289,93,140,5,False,False,True,,WRONG_DIRECTION_CANDIDATE,geo_work.reseau_hydro_edges_final_candidate_20260602.gid=289
290,140,191,5,False,False,True,,WRONG_DIRECTION_CANDIDATE,geo_work.reseau_hydro_edges_final_candidate_20260602.gid=290
291,191,192,5,False,False,True,,WRONG_DIRECTION_CANDIDATE,geo_work.reseau_hydro_edges_final_candidate_20260602.gid=291
292,192,197,5,False,False,True,,WRONG_DIRECTION_CANDIDATE,geo_work.reseau_hydro_edges_final_candidate_20260602.gid=292
293,197,441,5,False,False,True,,WRONG_DIRECTION_CANDIDATE,geo_work.reseau_hydro_edges_final_candidate_20260602.gid=293
294,38,409,5,False,False,True,,WRONG_DIRECTION_CANDIDATE,geo_work.reseau_hydro_edges_final_candidate_20260602.gid=294
295,8,218,5,False,False,True,,WRONG_DIRECTION_CANDIDATE,geo_work.reseau_hydro_edges_final_candidate_20260602.gid=295
296,218,580,5,False,False,True,,WRONG_DIRECTION_CANDIDATE,geo_work.reseau_hydro_edges_final_candidate_20260602.gid=296
297,580,409,5,False,False,True,,WRONG_DIRECTION_CANDIDATE,geo_work.reseau_hydro_edges_final_candidate_20260602.gid=297
298,126,122,5,False,False,True,,WRONG_DIRECTION_CANDIDATE,geo_work.reseau_hydro_edges_final_candidate_20260602.gid=298
299,122,123,5,False,False,True,,WRONG_DIRECTION_CANDIDATE,geo_work.reseau_hydro_edges_final_candidate_20260602.gid=299
300,123,333,5,False,False,True,,WRONG_DIRECTION_CANDIDATE,geo_work.reseau_hydro_edges_final_candidate_20260602.gid=300
301,333,38,5,False,False,True,,WRONG_DIRECTION_CANDIDATE,geo_work.reseau_hydro_edges_final_candidate_20260602.gid=301
302,505,504,5,False,False,True,,WRONG_DIRECTION_CANDIDATE,geo_work.reseau_hydro_edges_final_candidate_20260602.gid=302
303,504,33,5,False,False,True,,WRONG_DIRECTION_CANDIDATE,geo_work.reseau_hydro_edges_final_candidate_20260602.gid=303
304,33,34,5,False,False,True,,WRONG_DIRECTION_CANDIDATE,geo_work.reseau_hydro_edges_final_candidate_20260602.gid=304
305,34,37,5,False,False,True,,WRONG_DIRECTION_CANDIDATE,geo_work.reseau_hydro_edges_final_candidate_20260602.gid=305
306,37,38,5,False,False,True,,WRONG_DIRECTION_CANDIDATE,geo_work.reseau_hydro_edges_final_candidate_20260602.gid=306
307,149,150,17,False,False,False,,UNKNOWN,geo_work.reseau_hydro_edges_final_candidate_20260602.gid=307
308,150,216,17,False,False,False,,UNKNOWN,geo_work.reseau_hydro_edges_final_candidate_20260602.gid=308
309,216,193,17,False,False,False,,UNKNOWN,geo_work.reseau_hydro_edges_final_candidate_20260602.gid=309
310,193,194,17,False,False,False,,UNKNOWN,geo_work.reseau_hydro_edges_final_candidate_20260602.gid=310
311,194,202,17,False,False,False,,UNKNOWN,geo_work.reseau_hydro_edges_final_candidate_20260602.gid=311
312,202,576,17,False,False,False,,UNKNOWN,geo_work.reseau_hydro_edges_final_candidate_20260602.gid=312
313,583,584,5,False,False,True,,WRONG_DIRECTION_CANDIDATE,geo_work.reseau_hydro_edges_final_candidate_20260602.gid=313
314,584,200,5,False,False,True,,WRONG_DIRECTION_CANDIDATE,geo_work.reseau_hydro_edges_final_candidate_20260602.gid=314
315,200,201,5,False,False,True,,WRONG_DIRECTION_CANDIDATE,geo_work.reseau_hydro_edges_final_candidate_20260602.gid=315
316,201,214,5,False,False,True,,WRONG_DIRECTION_CANDIDATE,geo_work.reseau_hydro_edges_final_candidate_20260602.gid=316
317,214,548,5,False,False,True,,WRONG_DIRECTION_CANDIDATE,geo_work.reseau_hydro_edges_final_candidate_20260602.gid=317
318,548,217,5,False,False,True,,WRONG_DIRECTION_CANDIDATE,geo_work.reseau_hydro_edges_final_candidate_20260602.gid=318
319,217,8,5,False,False,True,,WRONG_DIRECTION_CANDIDATE,geo_work.reseau_hydro_edges_final_candidate_20260602.gid=319
320,506,474,5,False,False,True,,WRONG_DIRECTION_CANDIDATE,geo_work.reseau_hydro_edges_final_candidate_20260602.gid=320
321,474,219,5,False,False,True,,WRONG_DIRECTION_CANDIDATE,geo_work.reseau_hydro_edges_final_candidate_20260602.gid=321
322,219,220,5,False,False,True,,WRONG_DIRECTION_CANDIDATE,geo_work.reseau_hydro_edges_final_candidate_20260602.gid=322
323,220,221,5,False,False,True,,WRONG_DIRECTION_CANDIDATE,geo_work.reseau_hydro_edges_final_candidate_20260602.gid=323
324,221,211,5,False,False,True,,WRONG_DIRECTION_CANDIDATE,geo_work.reseau_hydro_edges_final_candidate_20260602.gid=324
325,211,7,5,False,False,True,,WRONG_DIRECTION_CANDIDATE,geo_work.reseau_hydro_edges_final_candidate_20260602.gid=325
326,7,8,5,False,False,True,,WRONG_DIRECTION_CANDIDATE,geo_work.reseau_hydro_edges_final_candidate_20260602.gid=326
327,316,361,1,False,False,False,,UNKNOWN,geo_work.reseau_hydro_edges_final_candidate_20260602.gid=327
328,361,325,1,False,False,False,,UNKNOWN,geo_work.reseau_hydro_edges_final_candidate_20260602.gid=328
329,92,93,5,False,False,True,,WRONG_DIRECTION_CANDIDATE,geo_work.reseau_hydro_edges_final_candidate_20260602.gid=329
330,36,452,5,False,False,True,,WRONG_DIRECTION_CANDIDATE,geo_work.reseau_hydro_edges_final_candidate_20260602.gid=330
331,452,455,5,False,False,True,,WRONG_DIRECTION_CANDIDATE,geo_work.reseau_hydro_edges_final_candidate_20260602.gid=331
332,455,585,5,False,False,True,,WRONG_DIRECTION_CANDIDATE,geo_work.reseau_hydro_edges_final_candidate_20260602.gid=332
333,585,591,5,False,False,True,,WRONG_DIRECTION_CANDIDATE,geo_work.reseau_hydro_edges_final_candidate_20260602.gid=333
334,591,592,5,False,False,True,,WRONG_DIRECTION_CANDIDATE,geo_work.reseau_hydro_edges_final_candidate_20260602.gid=334
335,592,93,5,False,False,True,,WRONG_DIRECTION_CANDIDATE,geo_work.reseau_hydro_edges_final_candidate_20260602.gid=335
336,539,126,5,False,False,True,,WRONG_DIRECTION_CANDIDATE,geo_work.reseau_hydro_edges_final_candidate_20260602.gid=336
337,596,597,5,False,False,True,,WRONG_DIRECTION_CANDIDATE,geo_work.reseau_hydro_edges_final_candidate_20260602.gid=337
338,597,223,5,False,False,True,,WRONG_DIRECTION_CANDIDATE,geo_work.reseau_hydro_edges_final_candidate_20260602.gid=338
339,223,224,5,False,False,True,,WRONG_DIRECTION_CANDIDATE,geo_work.reseau_hydro_edges_final_candidate_20260602.gid=339
340,224,124,5,False,False,True,,WRONG_DIRECTION_CANDIDATE,geo_work.reseau_hydro_edges_final_candidate_20260602.gid=340
341,124,125,5,False,False,True,,WRONG_DIRECTION_CANDIDATE,geo_work.reseau_hydro_edges_final_candidate_20260602.gid=341
342,125,126,5,False,False,True,,WRONG_DIRECTION_CANDIDATE,geo_work.reseau_hydro_edges_final_candidate_20260602.gid=342
343,418,419,17,False,False,False,,UNKNOWN,geo_work.reseau_hydro_edges_final_candidate_20260602.gid=343
344,419,148,17,False,False,False,,UNKNOWN,geo_work.reseau_hydro_edges_final_candidate_20260602.gid=344
345,148,149,17,False,False,False,,UNKNOWN,geo_work.reseau_hydro_edges_final_candidate_20260602.gid=345
346,598,80,80,False,False,False,,UNKNOWN,geo_work.reseau_hydro_edges_final_candidate_20260602.gid=346
347,80,81,80,False,False,False,,UNKNOWN,geo_work.reseau_hydro_edges_final_candidate_20260602.gid=347
348,81,108,80,False,False,False,,UNKNOWN,geo_work.reseau_hydro_edges_final_candidate_20260602.gid=348
349,108,450,80,False,False,False,,UNKNOWN,geo_work.reseau_hydro_edges_final_candidate_20260602.gid=349
350,317,327,5,False,False,True,,WRONG_DIRECTION_CANDIDATE,geo_work.reseau_hydro_edges_final_candidate_20260602.gid=350
351,327,373,5,False,False,True,,WRONG_DIRECTION_CANDIDATE,geo_work.reseau_hydro_edges_final_candidate_20260602.gid=351
352,373,603,5,False,False,True,,WRONG_DIRECTION_CANDIDATE,geo_work.reseau_hydro_edges_final_candidate_20260602.gid=352
353,188,336,5,True,True,True,270.012,REACHES_GARDE,geo_work.reseau_hydro_edges_final_candidate_20260602.gid=353
354,336,222,5,True,True,True,264.703,REACHES_GARDE,geo_work.reseau_hydro_edges_final_candidate_20260602.gid=354
355,222,9,5,True,True,True,259.499,REACHES_GARDE,geo_work.reseau_hydro_edges_final_candidate_20260602.gid=355
356,9,10,5,True,True,True,253.917,REACHES_GARDE,geo_work.reseau_hydro_edges_final_candidate_20260602.gid=356
357,10,354,5,True,True,True,248.57,REACHES_GARDE,geo_work.reseau_hydro_edges_final_candidate_20260602.gid=357
358,354,355,5,True,True,True,243.128,REACHES_GARDE,geo_work.reseau_hydro_edges_final_candidate_20260602.gid=358
359,355,317,5,True,True,True,240.078,REACHES_GARDE,geo_work.reseau_hydro_edges_final_candidate_20260602.gid=359
360,607,599,5,False,False,True,,WRONG_DIRECTION_CANDIDATE,geo_work.reseau_hydro_edges_final_candidate_20260602.gid=360
361,599,600,5,False,False,True,,WRONG_DIRECTION_CANDIDATE,geo_work.reseau_hydro_edges_final_candidate_20260602.gid=361
362,600,601,5,False,False,True,,WRONG_DIRECTION_CANDIDATE,geo_work.reseau_hydro_edges_final_candidate_20260602.gid=362
363,601,451,5,False,False,True,,WRONG_DIRECTION_CANDIDATE,geo_work.reseau_hydro_edges_final_candidate_20260602.gid=363
364,451,36,5,False,False,True,,WRONG_DIRECTION_CANDIDATE,geo_work.reseau_hydro_edges_final_candidate_20260602.gid=364
365,595,35,5,False,False,True,,WRONG_DIRECTION_CANDIDATE,geo_work.reseau_hydro_edges_final_candidate_20260602.gid=365
366,35,36,5,False,False,True,,WRONG_DIRECTION_CANDIDATE,geo_work.reseau_hydro_edges_final_candidate_20260602.gid=366
367,489,418,17,False,False,False,,UNKNOWN,geo_work.reseau_hydro_edges_final_candidate_20260602.gid=367
368,608,418,17,False,False,False,,UNKNOWN,geo_work.reseau_hydro_edges_final_candidate_20260602.gid=368
369,603,604,5,False,False,True,,WRONG_DIRECTION_CANDIDATE,geo_work.reseau_hydro_edges_final_candidate_20260602.gid=369
370,604,63,5,False,False,True,,WRONG_DIRECTION_CANDIDATE,geo_work.reseau_hydro_edges_final_candidate_20260602.gid=370
371,612,538,5,False,False,True,,WRONG_DIRECTION_CANDIDATE,geo_work.reseau_hydro_edges_final_candidate_20260602.gid=371
372,538,539,5,False,False,True,,WRONG_DIRECTION_CANDIDATE,geo_work.reseau_hydro_edges_final_candidate_20260602.gid=372
373,616,606,5,False,False,True,,WRONG_DIRECTION_CANDIDATE,geo_work.reseau_hydro_edges_final_candidate_20260602.gid=373
374,606,539,5,False,False,True,,WRONG_DIRECTION_CANDIDATE,geo_work.reseau_hydro_edges_final_candidate_20260602.gid=374
375,325,326,1,False,False,False,,UNKNOWN,geo_work.reseau_hydro_edges_final_candidate_20260602.gid=375
376,326,110,1,False,False,False,,UNKNOWN,geo_work.reseau_hydro_edges_final_candidate_20260602.gid=376
377,110,111,1,False,False,False,,UNKNOWN,geo_work.reseau_hydro_edges_final_candidate_20260602.gid=377
378,111,303,1,False,False,False,,UNKNOWN,geo_work.reseau_hydro_edges_final_candidate_20260602.gid=378
379,63,64,5,False,False,True,,WRONG_DIRECTION_CANDIDATE,geo_work.reseau_hydro_edges_final_candidate_20260602.gid=379
380,64,227,5,False,False,True,,WRONG_DIRECTION_CANDIDATE,geo_work.reseau_hydro_edges_final_candidate_20260602.gid=380
381,227,611,5,False,False,True,,WRONG_DIRECTION_CANDIDATE,geo_work.reseau_hydro_edges_final_candidate_20260602.gid=381
382,611,618,5,False,False,True,,WRONG_DIRECTION_CANDIDATE,geo_work.reseau_hydro_edges_final_candidate_20260602.gid=382
383,618,238,5,False,False,True,,WRONG_DIRECTION_CANDIDATE,geo_work.reseau_hydro_edges_final_candidate_20260602.gid=383
384,238,239,5,False,False,True,,WRONG_DIRECTION_CANDIDATE,geo_work.reseau_hydro_edges_final_candidate_20260602.gid=384
385,239,230,5,False,False,True,,WRONG_DIRECTION_CANDIDATE,geo_work.reseau_hydro_edges_final_candidate_20260602.gid=385
386,230,231,5,False,False,True,,WRONG_DIRECTION_CANDIDATE,geo_work.reseau_hydro_edges_final_candidate_20260602.gid=386
387,228,229,5,False,False,True,,WRONG_DIRECTION_CANDIDATE,geo_work.reseau_hydro_edges_final_candidate_20260602.gid=387
388,229,235,5,False,False,True,,WRONG_DIRECTION_CANDIDATE,geo_work.reseau_hydro_edges_final_candidate_20260602.gid=388
389,235,614,5,False,False,True,,WRONG_DIRECTION_CANDIDATE,geo_work.reseau_hydro_edges_final_candidate_20260602.gid=389
390,614,623,5,False,False,True,,WRONG_DIRECTION_CANDIDATE,geo_work.reseau_hydro_edges_final_candidate_20260602.gid=390
391,623,64,5,False,False,True,,WRONG_DIRECTION_CANDIDATE,geo_work.reseau_hydro_edges_final_candidate_20260602.gid=391
392,231,48,5,False,False,True,,WRONG_DIRECTION_CANDIDATE,geo_work.reseau_hydro_edges_final_candidate_20260602.gid=392
393,613,605,1,False,False,False,,UNKNOWN,geo_work.reseau_hydro_edges_final_candidate_20260602.gid=393
394,605,560,1,False,False,False,,UNKNOWN,geo_work.reseau_hydro_edges_final_candidate_20260602.gid=394
395,560,561,1,False,False,False,,UNKNOWN,geo_work.reseau_hydro_edges_final_candidate_20260602.gid=395
396,561,43,1,False,False,False,,UNKNOWN,geo_work.reseau_hydro_edges_final_candidate_20260602.gid=396
397,43,44,1,False,False,False,,UNKNOWN,geo_work.reseau_hydro_edges_final_candidate_20260602.gid=397
398,240,627,5,False,False,True,,WRONG_DIRECTION_CANDIDATE,geo_work.reseau_hydro_edges_final_candidate_20260602.gid=398
399,627,633,5,False,False,True,,WRONG_DIRECTION_CANDIDATE,geo_work.reseau_hydro_edges_final_candidate_20260602.gid=399
400,633,638,5,False,False,True,,WRONG_DIRECTION_CANDIDATE,geo_work.reseau_hydro_edges_final_candidate_20260602.gid=400
401,638,630,5,False,False,True,,WRONG_DIRECTION_CANDIDATE,geo_work.reseau_hydro_edges_final_candidate_20260602.gid=401
402,630,631,5,False,False,True,,WRONG_DIRECTION_CANDIDATE,geo_work.reseau_hydro_edges_final_candidate_20260602.gid=402
403,631,632,5,False,False,True,,WRONG_DIRECTION_CANDIDATE,geo_work.reseau_hydro_edges_final_candidate_20260602.gid=403
404,632,636,5,False,False,True,,WRONG_DIRECTION_CANDIDATE,geo_work.reseau_hydro_edges_final_candidate_20260602.gid=404
405,636,637,5,False,False,True,,WRONG_DIRECTION_CANDIDATE,geo_work.reseau_hydro_edges_final_candidate_20260602.gid=405
406,48,240,5,False,False,True,,WRONG_DIRECTION_CANDIDATE,geo_work.reseau_hydro_edges_final_candidate_20260602.gid=406
407,47,48,5,False,False,True,,WRONG_DIRECTION_CANDIDATE,geo_work.reseau_hydro_edges_final_candidate_20260602.gid=407
408,48,243,5,False,False,True,,WRONG_DIRECTION_CANDIDATE,geo_work.reseau_hydro_edges_final_candidate_20260602.gid=408
409,243,247,5,False,False,True,,WRONG_DIRECTION_CANDIDATE,geo_work.reseau_hydro_edges_final_candidate_20260602.gid=409
410,640,634,1,False,False,False,,UNKNOWN,geo_work.reseau_hydro_edges_final_candidate_20260602.gid=410
411,634,635,1,False,False,False,,UNKNOWN,geo_work.reseau_hydro_edges_final_candidate_20260602.gid=411
412,303,44,1,False,False,False,,UNKNOWN,geo_work.reseau_hydro_edges_final_candidate_20260602.gid=412
413,625,252,1,False,False,False,,UNKNOWN,geo_work.reseau_hydro_edges_final_candidate_20260602.gid=413
414,252,253,1,False,False,False,,UNKNOWN,geo_work.reseau_hydro_edges_final_candidate_20260602.gid=414
415,44,79,1,False,False,False,,UNKNOWN,geo_work.reseau_hydro_edges_final_candidate_20260602.gid=415
416,79,83,1,False,False,False,,UNKNOWN,geo_work.reseau_hydro_edges_final_candidate_20260602.gid=416
417,635,586,1,False,False,False,,UNKNOWN,geo_work.reseau_hydro_edges_final_candidate_20260602.gid=417
418,586,587,1,False,False,False,,UNKNOWN,geo_work.reseau_hydro_edges_final_candidate_20260602.gid=418
419,587,588,1,False,False,False,,UNKNOWN,geo_work.reseau_hydro_edges_final_candidate_20260602.gid=419
420,588,622,1,False,False,False,,UNKNOWN,geo_work.reseau_hydro_edges_final_candidate_20260602.gid=420
421,253,15,1,False,False,False,,UNKNOWN,geo_work.reseau_hydro_edges_final_candidate_20260602.gid=421
422,233,234,5,True,True,True,329.477,REACHES_GARDE,geo_work.reseau_hydro_edges_final_candidate_20260602.gid=422
423,234,242,5,True,True,True,324.115,REACHES_GARDE,geo_work.reseau_hydro_edges_final_candidate_20260602.gid=423
424,242,283,5,True,True,True,318.502,REACHES_GARDE,geo_work.reseau_hydro_edges_final_candidate_20260602.gid=424
425,283,41,5,True,True,True,313.184,REACHES_GARDE,geo_work.reseau_hydro_edges_final_candidate_20260602.gid=425
426,41,42,5,True,True,True,307.969,REACHES_GARDE,geo_work.reseau_hydro_edges_final_candidate_20260602.gid=426
427,42,11,5,True,True,True,302.597,REACHES_GARDE,geo_work.reseau_hydro_edges_final_candidate_20260602.gid=427
428,11,12,5,True,True,True,297.094,REACHES_GARDE,geo_work.reseau_hydro_edges_final_candidate_20260602.gid=428
429,12,241,5,True,True,True,291.663,REACHES_GARDE,geo_work.reseau_hydro_edges_final_candidate_20260602.gid=429
430,241,195,5,True,True,True,286.28,REACHES_GARDE,geo_work.reseau_hydro_edges_final_candidate_20260602.gid=430
431,195,196,5,True,True,True,280.862,REACHES_GARDE,geo_work.reseau_hydro_edges_final_candidate_20260602.gid=431
432,196,232,5,True,True,True,275.477,REACHES_GARDE,geo_work.reseau_hydro_edges_final_candidate_20260602.gid=432
433,232,188,5,True,True,True,274.567,REACHES_GARDE,geo_work.reseau_hydro_edges_final_candidate_20260602.gid=433
434,641,615,5,True,True,True,283.368,REACHES_GARDE,geo_work.reseau_hydro_edges_final_candidate_20260602.gid=434
435,615,579,5,True,True,True,280.99,REACHES_GARDE,geo_work.reseau_hydro_edges_final_candidate_20260602.gid=435
436,579,187,5,True,True,True,275.99,REACHES_GARDE,geo_work.reseau_hydro_edges_final_candidate_20260602.gid=436
437,187,188,5,True,True,True,274.567,REACHES_GARDE,geo_work.reseau_hydro_edges_final_candidate_20260602.gid=437
438,82,83,1,False,False,False,,UNKNOWN,geo_work.reseau_hydro_edges_final_candidate_20260602.gid=438
439,66,82,1,False,False,False,,UNKNOWN,geo_work.reseau_hydro_edges_final_candidate_20260602.gid=439
440,16,306,1,False,False,False,,UNKNOWN,geo_work.reseau_hydro_edges_final_candidate_20260602.gid=440
441,15,16,1,False,False,False,,UNKNOWN,geo_work.reseau_hydro_edges_final_candidate_20260602.gid=441
442,335,255,1,False,False,False,,UNKNOWN,geo_work.reseau_hydro_edges_final_candidate_20260602.gid=442
443,255,256,1,False,False,False,,UNKNOWN,geo_work.reseau_hydro_edges_final_candidate_20260602.gid=443
444,256,15,1,False,False,False,,UNKNOWN,geo_work.reseau_hydro_edges_final_candidate_20260602.gid=444
445,622,66,1,False,False,False,,UNKNOWN,geo_work.reseau_hydro_edges_final_candidate_20260602.gid=445
446,642,228,5,False,False,True,,WRONG_DIRECTION_CANDIDATE,geo_work.reseau_hydro_edges_final_candidate_20260602.gid=446
447,643,644,5,True,True,True,306.945,REACHES_GARDE,geo_work.reseau_hydro_edges_final_candidate_20260602.gid=447
448,644,645,5,True,True,True,303.368,REACHES_GARDE,geo_work.reseau_hydro_edges_final_candidate_20260602.gid=448
449,645,646,5,True,True,True,298.368,REACHES_GARDE,geo_work.reseau_hydro_edges_final_candidate_20260602.gid=449
450,646,641,5,True,True,True,293.368,REACHES_GARDE,geo_work.reseau_hydro_edges_final_candidate_20260602.gid=450
451,65,66,1,False,False,False,,UNKNOWN,geo_work.reseau_hydro_edges_final_candidate_20260602.gid=451
452,654,652,5,False,False,True,,WRONG_DIRECTION_CANDIDATE,geo_work.reseau_hydro_edges_final_candidate_20260602.gid=452
453,652,651,5,False,False,True,,WRONG_DIRECTION_CANDIDATE,geo_work.reseau_hydro_edges_final_candidate_20260602.gid=453
454,651,228,5,False,False,True,,WRONG_DIRECTION_CANDIDATE,geo_work.reseau_hydro_edges_final_candidate_20260602.gid=454
455,657,658,1,False,False,False,,UNKNOWN,geo_work.reseau_hydro_edges_final_candidate_20260602.gid=455
456,254,65,1,False,False,False,,UNKNOWN,geo_work.reseau_hydro_edges_final_candidate_20260602.gid=456
457,49,65,1,False,False,False,,UNKNOWN,geo_work.reseau_hydro_edges_final_candidate_20260602.gid=457
458,306,512,1,False,False,False,,UNKNOWN,geo_work.reseau_hydro_edges_final_candidate_20260602.gid=458
459,512,513,1,False,False,False,,UNKNOWN,geo_work.reseau_hydro_edges_final_candidate_20260602.gid=459
460,513,254,1,False,False,False,,UNKNOWN,geo_work.reseau_hydro_edges_final_candidate_20260602.gid=460
461,658,653,1,False,False,False,,UNKNOWN,geo_work.reseau_hydro_edges_final_candidate_20260602.gid=461
462,655,486,5,True,True,True,388.766,REACHES_GARDE,geo_work.reseau_hydro_edges_final_candidate_20260602.gid=462
463,653,70,1,False,False,False,,UNKNOWN,geo_work.reseau_hydro_edges_final_candidate_20260602.gid=463
464,660,661,5,True,True,True,580.731,REACHES_GARDE,geo_work.reseau_hydro_edges_final_candidate_20260602.gid=464
465,661,659,5,True,True,True,575.731,REACHES_GARDE,geo_work.reseau_hydro_edges_final_candidate_20260602.gid=465
466,659,647,5,True,True,True,570.731,REACHES_GARDE,geo_work.reseau_hydro_edges_final_candidate_20260602.gid=466
467,647,648,5,True,True,True,565.731,REACHES_GARDE,geo_work.reseau_hydro_edges_final_candidate_20260602.gid=467
468,648,649,5,True,True,True,560.731,REACHES_GARDE,geo_work.reseau_hydro_edges_final_candidate_20260602.gid=468
469,649,650,5,True,True,True,555.731,REACHES_GARDE,geo_work.reseau_hydro_edges_final_candidate_20260602.gid=469
470,650,153,5,True,True,True,550.731,REACHES_GARDE,geo_work.reseau_hydro_edges_final_candidate_20260602.gid=470
471,70,71,1,False,False,False,,UNKNOWN,geo_work.reseau_hydro_edges_final_candidate_20260602.gid=471
472,71,335,1,False,False,False,,UNKNOWN,geo_work.reseau_hydro_edges_final_candidate_20260602.gid=472
473,486,487,5,True,True,True,387.451,REACHES_GARDE,geo_work.reseau_hydro_edges_final_candidate_20260602.gid=473
474,662,130,5,True,True,True,426.336,REACHES_GARDE,geo_work.reseau_hydro_edges_final_candidate_20260602.gid=474
475,130,90,5,True,True,True,421.336,REACHES_GARDE,geo_work.reseau_hydro_edges_final_candidate_20260602.gid=475
476,90,91,5,True,True,True,416.336,REACHES_GARDE,geo_work.reseau_hydro_edges_final_candidate_20260602.gid=476
477,91,435,5,True,True,True,411.336,REACHES_GARDE,geo_work.reseau_hydro_edges_final_candidate_20260602.gid=477
478,435,444,5,True,True,True,406.336,REACHES_GARDE,geo_work.reseau_hydro_edges_final_candidate_20260602.gid=478
479,444,244,5,True,True,True,401.336,REACHES_GARDE,geo_work.reseau_hydro_edges_final_candidate_20260602.gid=479
480,244,245,5,True,True,True,396.336,REACHES_GARDE,geo_work.reseau_hydro_edges_final_candidate_20260602.gid=480
481,245,246,5,True,True,True,391.336,REACHES_GARDE,geo_work.reseau_hydro_edges_final_candidate_20260602.gid=481
482,246,486,5,True,True,True,388.766,REACHES_GARDE,geo_work.reseau_hydro_edges_final_candidate_20260602.gid=482
483,666,667,1,False,False,False,,UNKNOWN,geo_work.reseau_hydro_edges_final_candidate_20260602.gid=483
484,667,236,1,False,False,False,,UNKNOWN,geo_work.reseau_hydro_edges_final_candidate_20260602.gid=484
485,236,70,1,False,False,False,,UNKNOWN,geo_work.reseau_hydro_edges_final_candidate_20260602.gid=485
486,487,656,5,True,True,True,382.451,REACHES_GARDE,geo_work.reseau_hydro_edges_final_candidate_20260602.gid=486
487,656,665,5,True,True,True,377.543,REACHES_GARDE,geo_work.reseau_hydro_edges_final_candidate_20260602.gid=487
488,49,50,1,False,False,False,,UNKNOWN,geo_work.reseau_hydro_edges_final_candidate_20260602.gid=488
489,50,549,1,False,False,False,,UNKNOWN,geo_work.reseau_hydro_edges_final_candidate_20260602.gid=489
490,549,564,1,False,False,False,,UNKNOWN,geo_work.reseau_hydro_edges_final_candidate_20260602.gid=490
491,564,24,1,False,False,False,,UNKNOWN,geo_work.reseau_hydro_edges_final_candidate_20260602.gid=491
492,581,582,1,False,False,False,,UNKNOWN,geo_work.reseau_hydro_edges_final_candidate_20260602.gid=492
493,582,45,1,False,False,False,,UNKNOWN,geo_work.reseau_hydro_edges_final_candidate_20260602.gid=493
494,45,46,1,False,False,False,,UNKNOWN,geo_work.reseau_hydro_edges_final_candidate_20260602.gid=494
495,46,497,1,False,False,False,,UNKNOWN,geo_work.reseau_hydro_edges_final_candidate_20260602.gid=495
496,497,498,1,False,False,False,,UNKNOWN,geo_work.reseau_hydro_edges_final_candidate_20260602.gid=496
497,664,581,1,False,False,False,,UNKNOWN,geo_work.reseau_hydro_edges_final_candidate_20260602.gid=497
498,665,589,5,True,True,True,372.543,REACHES_GARDE,geo_work.reseau_hydro_edges_final_candidate_20260602.gid=498
499,589,590,5,True,True,True,371.717,REACHES_GARDE,geo_work.reseau_hydro_edges_final_candidate_20260602.gid=499
500,105,669,1,False,False,False,,UNKNOWN,geo_work.reseau_hydro_edges_final_candidate_20260602.gid=500
501,669,663,1,False,False,False,,UNKNOWN,geo_work.reseau_hydro_edges_final_candidate_20260602.gid=501
502,663,664,1,False,False,False,,UNKNOWN,geo_work.reseau_hydro_edges_final_candidate_20260602.gid=502
503,498,549,1,False,False,False,,UNKNOWN,geo_work.reseau_hydro_edges_final_candidate_20260602.gid=503
504,547,670,5,True,True,True,336.717,REACHES_GARDE,geo_work.reseau_hydro_edges_final_candidate_20260602.gid=504
505,670,233,5,True,True,True,335.006,REACHES_GARDE,geo_work.reseau_hydro_edges_final_candidate_20260602.gid=505
506,233,101,5,False,False,True,,WRONG_DIRECTION_CANDIDATE,geo_work.reseau_hydro_edges_final_candidate_20260602.gid=506
507,544,547,5,True,True,True,341.717,REACHES_GARDE,geo_work.reseau_hydro_edges_final_candidate_20260602.gid=507
508,671,537,5,True,True,True,380.363,REACHES_GARDE,geo_work.reseau_hydro_edges_final_candidate_20260602.gid=508
509,537,672,5,True,True,True,375.363,REACHES_GARDE,geo_work.reseau_hydro_edges_final_candidate_20260602.gid=509
510,672,590,5,True,True,True,371.717,REACHES_GARDE,geo_work.reseau_hydro_edges_final_candidate_20260602.gid=510
511,590,624,5,True,True,True,366.717,REACHES_GARDE,geo_work.reseau_hydro_edges_final_candidate_20260602.gid=511
512,624,543,5,True,True,True,361.717,REACHES_GARDE,geo_work.reseau_hydro_edges_final_candidate_20260602.gid=512
513,543,544,5,True,True,True,356.717,REACHES_GARDE,geo_work.reseau_hydro_edges_final_candidate_20260602.gid=513
514,153,154,5,True,True,True,548.827,REACHES_GARDE,geo_work.reseau_hydro_edges_final_candidate_20260602.gid=514
515,154,155,5,True,True,True,539.032,REACHES_GARDE,geo_work.reseau_hydro_edges_final_candidate_20260602.gid=515
516,155,499,5,True,True,True,531.084,REACHES_GARDE,geo_work.reseau_hydro_edges_final_candidate_20260602.gid=516
517,69,100,5,False,False,True,,WRONG_DIRECTION_CANDIDATE,geo_work.reseau_hydro_edges_final_candidate_20260602.gid=517
518,100,101,5,False,False,True,,WRONG_DIRECTION_CANDIDATE,geo_work.reseau_hydro_edges_final_candidate_20260602.gid=518
519,106,675,1,False,False,False,,UNKNOWN,geo_work.reseau_hydro_edges_final_candidate_20260602.gid=519
520,675,257,1,False,False,False,,UNKNOWN,geo_work.reseau_hydro_edges_final_candidate_20260602.gid=520
521,257,258,1,False,False,False,,UNKNOWN,geo_work.reseau_hydro_edges_final_candidate_20260602.gid=521
522,262,537,5,True,True,True,380.363,REACHES_GARDE,geo_work.reseau_hydro_edges_final_candidate_20260602.gid=522
523,167,168,5,True,True,True,419.67,REACHES_GARDE,geo_work.reseau_hydro_edges_final_candidate_20260602.gid=523
524,2,107,1,False,False,False,,UNKNOWN,geo_work.reseau_hydro_edges_final_candidate_20260602.gid=524
525,107,23,1,False,False,False,,UNKNOWN,geo_work.reseau_hydro_edges_final_candidate_20260602.gid=525
526,23,24,1,False,False,False,,UNKNOWN,geo_work.reseau_hydro_edges_final_candidate_20260602.gid=526
527,24,190,1,False,False,False,,UNKNOWN,geo_work.reseau_hydro_edges_final_candidate_20260602.gid=527
528,189,24,1,False,False,False,,UNKNOWN,geo_work.reseau_hydro_edges_final_candidate_20260602.gid=528
529,174,175,5,True,True,True,427.006,REACHES_GARDE,geo_work.reseau_hydro_edges_final_candidate_20260602.gid=529
530,175,176,5,True,True,True,422.15,REACHES_GARDE,geo_work.reseau_hydro_edges_final_candidate_20260602.gid=530
531,176,177,5,True,True,True,418.46,REACHES_GARDE,geo_work.reseau_hydro_edges_final_candidate_20260602.gid=531
532,177,533,5,True,True,True,412.949,REACHES_GARDE,geo_work.reseau_hydro_edges_final_candidate_20260602.gid=532
533,168,169,5,True,True,True,414.598,REACHES_GARDE,geo_work.reseau_hydro_edges_final_candidate_20260602.gid=533
534,169,198,5,True,True,True,408.459,REACHES_GARDE,geo_work.reseau_hydro_edges_final_candidate_20260602.gid=534
535,617,237,5,False,False,True,,WRONG_DIRECTION_CANDIDATE,geo_work.reseau_hydro_edges_final_candidate_20260602.gid=535
536,237,69,5,False,False,True,,WRONG_DIRECTION_CANDIDATE,geo_work.reseau_hydro_edges_final_candidate_20260602.gid=536
537,619,68,5,False,False,True,,WRONG_DIRECTION_CANDIDATE,geo_work.reseau_hydro_edges_final_candidate_20260602.gid=537
538,68,69,5,False,False,True,,WRONG_DIRECTION_CANDIDATE,geo_work.reseau_hydro_edges_final_candidate_20260602.gid=538
539,571,259,5,True,True,True,400.947,REACHES_GARDE,geo_work.reseau_hydro_edges_final_candidate_20260602.gid=539
540,259,260,5,True,True,True,395.947,REACHES_GARDE,geo_work.reseau_hydro_edges_final_candidate_20260602.gid=540
541,260,261,5,True,True,True,395.146,REACHES_GARDE,geo_work.reseau_hydro_edges_final_candidate_20260602.gid=541
542,261,262,5,True,True,True,390.146,REACHES_GARDE,geo_work.reseau_hydro_edges_final_candidate_20260602.gid=542
543,215,261,5,True,True,True,395.146,REACHES_GARDE,geo_work.reseau_hydro_edges_final_candidate_20260602.gid=543
544,199,215,5,True,True,True,400.005,REACHES_GARDE,geo_work.reseau_hydro_edges_final_candidate_20260602.gid=544
545,339,340,5,True,True,True,421.375,REACHES_GARDE,geo_work.reseau_hydro_edges_final_candidate_20260602.gid=545
546,340,177,5,True,True,True,418.46,REACHES_GARDE,geo_work.reseau_hydro_edges_final_candidate_20260602.gid=546
547,629,619,5,False,False,True,,WRONG_DIRECTION_CANDIDATE,geo_work.reseau_hydro_edges_final_candidate_20260602.gid=547
548,620,621,1,False,False,False,,UNKNOWN,geo_work.reseau_hydro_edges_final_candidate_20260602.gid=548
549,621,189,1,False,False,False,,UNKNOWN,geo_work.reseau_hydro_edges_final_candidate_20260602.gid=549
550,268,617,5,False,False,True,,WRONG_DIRECTION_CANDIDATE,geo_work.reseau_hydro_edges_final_candidate_20260602.gid=550
551,198,199,5,True,True,True,406.211,REACHES_GARDE,geo_work.reseau_hydro_edges_final_candidate_20260602.gid=551
552,533,263,5,True,True,True,407.227,REACHES_GARDE,geo_work.reseau_hydro_edges_final_candidate_20260602.gid=552
553,263,199,5,True,True,True,406.211,REACHES_GARDE,geo_work.reseau_hydro_edges_final_candidate_20260602.gid=553
554,626,620,1,False,False,False,,UNKNOWN,geo_work.reseau_hydro_edges_final_candidate_20260602.gid=554
555,680,264,1,False,False,False,,UNKNOWN,geo_work.reseau_hydro_edges_final_candidate_20260602.gid=555
556,264,170,1,False,False,False,,UNKNOWN,geo_work.reseau_hydro_edges_final_candidate_20260602.gid=556
557,170,171,1,False,False,False,,UNKNOWN,geo_work.reseau_hydro_edges_final_candidate_20260602.gid=557
558,171,676,1,False,False,False,,UNKNOWN,geo_work.reseau_hydro_edges_final_candidate_20260602.gid=558
559,676,626,1,False,False,False,,UNKNOWN,geo_work.reseau_hydro_edges_final_candidate_20260602.gid=559
560,681,51,5,False,False,True,,WRONG_DIRECTION_CANDIDATE,geo_work.reseau_hydro_edges_final_candidate_20260602.gid=560
561,51,52,5,False,False,True,,WRONG_DIRECTION_CANDIDATE,geo_work.reseau_hydro_edges_final_candidate_20260602.gid=561
562,52,639,5,False,False,True,,WRONG_DIRECTION_CANDIDATE,geo_work.reseau_hydro_edges_final_candidate_20260602.gid=562
563,639,628,5,False,False,True,,WRONG_DIRECTION_CANDIDATE,geo_work.reseau_hydro_edges_final_candidate_20260602.gid=563
564,628,629,5,False,False,True,,WRONG_DIRECTION_CANDIDATE,geo_work.reseau_hydro_edges_final_candidate_20260602.gid=564
565,499,673,5,True,True,True,526.084,REACHES_GARDE,geo_work.reseau_hydro_edges_final_candidate_20260602.gid=565
566,673,674,5,True,True,True,521.084,REACHES_GARDE,geo_work.reseau_hydro_edges_final_candidate_20260602.gid=566
567,112,476,1,False,False,False,,UNKNOWN,geo_work.reseau_hydro_edges_final_candidate_20260602.gid=567
568,476,686,1,False,False,False,,UNKNOWN,geo_work.reseau_hydro_edges_final_candidate_20260602.gid=568
569,686,1,1,False,False,False,,UNKNOWN,geo_work.reseau_hydro_edges_final_candidate_20260602.gid=569
570,1,2,1,False,False,False,,UNKNOWN,geo_work.reseau_hydro_edges_final_candidate_20260602.gid=570
571,687,683,1,False,False,False,,UNKNOWN,geo_work.reseau_hydro_edges_final_candidate_20260602.gid=571
572,683,684,1,False,False,False,,UNKNOWN,geo_work.reseau_hydro_edges_final_candidate_20260602.gid=572
573,684,568,1,False,False,False,,UNKNOWN,geo_work.reseau_hydro_edges_final_candidate_20260602.gid=573
574,568,569,1,False,False,False,,UNKNOWN,geo_work.reseau_hydro_edges_final_candidate_20260602.gid=574
575,569,39,1,False,False,False,,UNKNOWN,geo_work.reseau_hydro_edges_final_candidate_20260602.gid=575
576,39,40,1,False,False,False,,UNKNOWN,geo_work.reseau_hydro_edges_final_candidate_20260602.gid=576
577,40,213,1,False,False,False,,UNKNOWN,geo_work.reseau_hydro_edges_final_candidate_20260602.gid=577
578,213,2,1,False,False,False,,UNKNOWN,geo_work.reseau_hydro_edges_final_candidate_20260602.gid=578
579,690,53,5,True,True,True,523.313,REACHES_GARDE,geo_work.reseau_hydro_edges_final_candidate_20260602.gid=579
580,692,677,5,True,True,True,457.451,REACHES_GARDE,geo_work.reseau_hydro_edges_final_candidate_20260602.gid=580
581,677,678,5,True,True,True,452.451,REACHES_GARDE,geo_work.reseau_hydro_edges_final_candidate_20260602.gid=581
582,678,679,5,True,True,True,447.451,REACHES_GARDE,geo_work.reseau_hydro_edges_final_candidate_20260602.gid=582
583,679,693,5,True,True,True,442.451,REACHES_GARDE,geo_work.reseau_hydro_edges_final_candidate_20260602.gid=583
584,693,694,5,True,True,True,437.451,REACHES_GARDE,geo_work.reseau_hydro_edges_final_candidate_20260602.gid=584
585,694,695,5,True,True,True,432.451,REACHES_GARDE,geo_work.reseau_hydro_edges_final_candidate_20260602.gid=585
586,695,696,5,True,True,True,427.451,REACHES_GARDE,geo_work.reseau_hydro_edges_final_candidate_20260602.gid=586
587,696,405,5,True,True,True,422.451,REACHES_GARDE,geo_work.reseau_hydro_edges_final_candidate_20260602.gid=587
588,405,406,5,True,True,True,421.455,REACHES_GARDE,geo_work.reseau_hydro_edges_final_candidate_20260602.gid=588
589,674,682,5,True,True,True,516.084,REACHES_GARDE,geo_work.reseau_hydro_edges_final_candidate_20260602.gid=589
590,682,685,5,True,True,True,512.87,REACHES_GARDE,geo_work.reseau_hydro_edges_final_candidate_20260602.gid=590
591,53,54,5,True,True,True,522.804,REACHES_GARDE,geo_work.reseau_hydro_edges_final_candidate_20260602.gid=591
592,54,691,5,True,True,True,517.804,REACHES_GARDE,geo_work.reseau_hydro_edges_final_candidate_20260602.gid=592
593,691,685,5,True,True,True,512.87,REACHES_GARDE,geo_work.reseau_hydro_edges_final_candidate_20260602.gid=593
594,225,226,5,True,True,True,523.48,REACHES_GARDE,geo_work.reseau_hydro_edges_final_candidate_20260602.gid=594
595,226,53,5,True,True,True,523.313,REACHES_GARDE,geo_work.reseau_hydro_edges_final_candidate_20260602.gid=595
596,4,112,1,False,False,False,,UNKNOWN,geo_work.reseau_hydro_edges_final_candidate_20260602.gid=596
597,570,571,5,True,True,True,410.947,REACHES_GARDE,geo_work.reseau_hydro_edges_final_candidate_20260602.gid=597
598,466,570,5,True,True,True,411.075,REACHES_GARDE,geo_work.reseau_hydro_edges_final_candidate_20260602.gid=598
599,267,268,5,False,False,True,,WRONG_DIRECTION_CANDIDATE,geo_work.reseau_hydro_edges_final_candidate_20260602.gid=599
600,685,699,5,True,True,True,507.87,REACHES_GARDE,geo_work.reseau_hydro_edges_final_candidate_20260602.gid=600
601,565,266,5,False,False,True,,WRONG_DIRECTION_CANDIDATE,geo_work.reseau_hydro_edges_final_candidate_20260602.gid=601
602,266,267,5,False,False,True,,WRONG_DIRECTION_CANDIDATE,geo_work.reseau_hydro_edges_final_candidate_20260602.gid=602
603,699,700,5,True,True,True,492.87,REACHES_GARDE,geo_work.reseau_hydro_edges_final_candidate_20260602.gid=603
604,406,407,5,True,True,True,416.455,REACHES_GARDE,geo_work.reseau_hydro_edges_final_candidate_20260602.gid=604
605,407,466,5,True,True,True,415.614,REACHES_GARDE,geo_work.reseau_hydro_edges_final_candidate_20260602.gid=605
606,273,275,5,True,True,True,450.036,REACHES_GARDE,geo_work.reseau_hydro_edges_final_candidate_20260602.gid=606
607,275,688,5,True,True,True,445.036,REACHES_GARDE,geo_work.reseau_hydro_edges_final_candidate_20260602.gid=607
608,688,689,5,True,True,True,440.036,REACHES_GARDE,geo_work.reseau_hydro_edges_final_candidate_20260602.gid=608
609,689,705,5,True,True,True,435.036,REACHES_GARDE,geo_work.reseau_hydro_edges_final_candidate_20260602.gid=609
610,705,382,5,True,True,True,430.036,REACHES_GARDE,geo_work.reseau_hydro_edges_final_candidate_20260602.gid=610
611,382,383,5,True,True,True,425.036,REACHES_GARDE,geo_work.reseau_hydro_edges_final_candidate_20260602.gid=611
612,383,406,5,True,True,True,421.455,REACHES_GARDE,geo_work.reseau_hydro_edges_final_candidate_20260602.gid=612
613,3,4,1,False,False,False,,UNKNOWN,geo_work.reseau_hydro_edges_final_candidate_20260602.gid=613
614,706,4,1,False,False,False,,UNKNOWN,geo_work.reseau_hydro_edges_final_candidate_20260602.gid=614
615,89,3,1,False,False,False,,UNKNOWN,geo_work.reseau_hydro_edges_final_candidate_20260602.gid=615
616,88,3,1,False,False,False,,UNKNOWN,geo_work.reseau_hydro_edges_final_candidate_20260602.gid=616
617,3,109,1,False,False,False,,UNKNOWN,geo_work.reseau_hydro_edges_final_candidate_20260602.gid=617
618,710,711,5,True,True,True,487.953,REACHES_GARDE,geo_work.reseau_hydro_edges_final_candidate_20260602.gid=618
619,711,707,5,True,True,True,482.953,REACHES_GARDE,geo_work.reseau_hydro_edges_final_candidate_20260602.gid=619
620,707,708,5,True,True,True,480.208,REACHES_GARDE,geo_work.reseau_hydro_edges_final_candidate_20260602.gid=620
621,297,337,1,False,False,False,,UNKNOWN,geo_work.reseau_hydro_edges_final_candidate_20260602.gid=621
622,337,706,1,False,False,False,,UNKNOWN,geo_work.reseau_hydro_edges_final_candidate_20260602.gid=622
623,480,481,1,False,False,False,,UNKNOWN,geo_work.reseau_hydro_edges_final_candidate_20260602.gid=623
624,109,163,1,False,False,False,,UNKNOWN,geo_work.reseau_hydro_edges_final_candidate_20260602.gid=624
625,338,480,1,False,False,False,,UNKNOWN,geo_work.reseau_hydro_edges_final_candidate_20260602.gid=625
626,14,338,1,False,False,False,,UNKNOWN,geo_work.reseau_hydro_edges_final_candidate_20260602.gid=626
627,297,14,1,False,False,False,,UNKNOWN,geo_work.reseau_hydro_edges_final_candidate_20260602.gid=627
628,714,469,1,False,False,False,,UNKNOWN,geo_work.reseau_hydro_edges_final_candidate_20260602.gid=628
629,469,271,1,False,False,False,,UNKNOWN,geo_work.reseau_hydro_edges_final_candidate_20260602.gid=629
630,271,13,1,False,False,False,,UNKNOWN,geo_work.reseau_hydro_edges_final_candidate_20260602.gid=630
631,13,14,1,False,False,False,,UNKNOWN,geo_work.reseau_hydro_edges_final_candidate_20260602.gid=631
632,700,702,5,True,True,True,487.87,REACHES_GARDE,geo_work.reseau_hydro_edges_final_candidate_20260602.gid=632
633,702,703,5,True,True,True,482.87,REACHES_GARDE,geo_work.reseau_hydro_edges_final_candidate_20260602.gid=633
634,703,708,5,True,True,True,480.208,REACHES_GARDE,geo_work.reseau_hydro_edges_final_candidate_20260602.gid=634
635,704,681,5,False,False,True,,WRONG_DIRECTION_CANDIDATE,geo_work.reseau_hydro_edges_final_candidate_20260602.gid=635
636,719,720,5,False,False,True,,WRONG_DIRECTION_CANDIDATE,geo_work.reseau_hydro_edges_final_candidate_20260602.gid=636
637,720,276,5,False,False,True,,WRONG_DIRECTION_CANDIDATE,geo_work.reseau_hydro_edges_final_candidate_20260602.gid=637
638,276,277,5,False,False,True,,WRONG_DIRECTION_CANDIDATE,geo_work.reseau_hydro_edges_final_candidate_20260602.gid=638
639,277,278,5,False,False,True,,WRONG_DIRECTION_CANDIDATE,geo_work.reseau_hydro_edges_final_candidate_20260602.gid=639
640,278,715,5,False,False,True,,WRONG_DIRECTION_CANDIDATE,geo_work.reseau_hydro_edges_final_candidate_20260602.gid=640
641,715,716,5,False,False,True,,WRONG_DIRECTION_CANDIDATE,geo_work.reseau_hydro_edges_final_candidate_20260602.gid=641
642,716,717,5,False,False,True,,WRONG_DIRECTION_CANDIDATE,geo_work.reseau_hydro_edges_final_candidate_20260602.gid=642
643,717,718,5,False,False,True,,WRONG_DIRECTION_CANDIDATE,geo_work.reseau_hydro_edges_final_candidate_20260602.gid=643
644,718,158,5,False,False,True,,WRONG_DIRECTION_CANDIDATE,geo_work.reseau_hydro_edges_final_candidate_20260602.gid=644
645,158,159,5,False,False,True,,WRONG_DIRECTION_CANDIDATE,geo_work.reseau_hydro_edges_final_candidate_20260602.gid=645
646,159,458,5,False,False,True,,WRONG_DIRECTION_CANDIDATE,geo_work.reseau_hydro_edges_final_candidate_20260602.gid=646
647,458,721,5,False,False,True,,WRONG_DIRECTION_CANDIDATE,geo_work.reseau_hydro_edges_final_candidate_20260602.gid=647
648,721,704,5,False,False,True,,WRONG_DIRECTION_CANDIDATE,geo_work.reseau_hydro_edges_final_candidate_20260602.gid=648
649,556,565,5,False,False,True,,WRONG_DIRECTION_CANDIDATE,geo_work.reseau_hydro_edges_final_candidate_20260602.gid=649
650,722,556,5,False,False,True,,WRONG_DIRECTION_CANDIDATE,geo_work.reseau_hydro_edges_final_candidate_20260602.gid=650
651,723,701,5,False,False,True,,WRONG_DIRECTION_CANDIDATE,geo_work.reseau_hydro_edges_final_candidate_20260602.gid=651
652,701,697,5,False,False,True,,WRONG_DIRECTION_CANDIDATE,geo_work.reseau_hydro_edges_final_candidate_20260602.gid=652
653,697,698,5,False,False,True,,WRONG_DIRECTION_CANDIDATE,geo_work.reseau_hydro_edges_final_candidate_20260602.gid=653
654,698,709,5,False,False,True,,WRONG_DIRECTION_CANDIDATE,geo_work.reseau_hydro_edges_final_candidate_20260602.gid=654
655,709,712,5,False,False,True,,WRONG_DIRECTION_CANDIDATE,geo_work.reseau_hydro_edges_final_candidate_20260602.gid=655
656,712,713,5,False,False,True,,WRONG_DIRECTION_CANDIDATE,geo_work.reseau_hydro_edges_final_candidate_20260602.gid=656
657,713,668,5,False,False,True,,WRONG_DIRECTION_CANDIDATE,geo_work.reseau_hydro_edges_final_candidate_20260602.gid=657
658,668,555,5,False,False,True,,WRONG_DIRECTION_CANDIDATE,geo_work.reseau_hydro_edges_final_candidate_20260602.gid=658
659,555,556,5,False,False,True,,WRONG_DIRECTION_CANDIDATE,geo_work.reseau_hydro_edges_final_candidate_20260602.gid=659
660,708,6,5,True,True,True,476.9,REACHES_GARDE,geo_work.reseau_hydro_edges_final_candidate_20260602.gid=660
661,272,273,5,True,True,True,455.036,REACHES_GARDE,geo_work.reseau_hydro_edges_final_candidate_20260602.gid=661
662,6,164,5,True,True,True,471.9,REACHES_GARDE,geo_work.reseau_hydro_edges_final_candidate_20260602.gid=662
663,164,269,5,True,True,True,466.9,REACHES_GARDE,geo_work.reseau_hydro_edges_final_candidate_20260602.gid=663
664,269,270,5,True,True,True,461.9,REACHES_GARDE,geo_work.reseau_hydro_edges_final_candidate_20260602.gid=664
665,270,279,5,True,True,True,456.9,REACHES_GARDE,geo_work.reseau_hydro_edges_final_candidate_20260602.gid=665
666,279,273,5,True,True,True,455.036,REACHES_GARDE,geo_work.reseau_hydro_edges_final_candidate_20260602.gid=666
667,735,272,5,True,True,True,456.051,REACHES_GARDE,geo_work.reseau_hydro_edges_final_candidate_20260602.gid=667
668,281,284,5,False,False,True,,WRONG_DIRECTION_CANDIDATE,geo_work.reseau_hydro_edges_final_candidate_20260602.gid=668
669,284,724,5,False,False,True,,WRONG_DIRECTION_CANDIDATE,geo_work.reseau_hydro_edges_final_candidate_20260602.gid=669
670,724,722,5,False,False,True,,WRONG_DIRECTION_CANDIDATE,geo_work.reseau_hydro_edges_final_candidate_20260602.gid=670
671,725,726,5,True,True,True,507.241,REACHES_GARDE,geo_work.reseau_hydro_edges_final_candidate_20260602.gid=671
672,726,727,5,True,True,True,502.241,REACHES_GARDE,geo_work.reseau_hydro_edges_final_candidate_20260602.gid=672
673,727,729,5,True,True,True,497.241,REACHES_GARDE,geo_work.reseau_hydro_edges_final_candidate_20260602.gid=673
674,729,730,5,True,True,True,492.241,REACHES_GARDE,geo_work.reseau_hydro_edges_final_candidate_20260602.gid=674
675,730,731,5,True,True,True,487.241,REACHES_GARDE,geo_work.reseau_hydro_edges_final_candidate_20260602.gid=675
676,731,728,5,True,True,True,482.241,REACHES_GARDE,geo_work.reseau_hydro_edges_final_candidate_20260602.gid=676
677,728,5,5,True,True,True,477.241,REACHES_GARDE,geo_work.reseau_hydro_edges_final_candidate_20260602.gid=677
678,5,6,5,True,True,True,476.9,REACHES_GARDE,geo_work.reseau_hydro_edges_final_candidate_20260602.gid=678
679,163,420,1,False,False,False,,UNKNOWN,geo_work.reseau_hydro_edges_final_candidate_20260602.gid=679
680,420,421,1,False,False,False,,UNKNOWN,geo_work.reseau_hydro_edges_final_candidate_20260602.gid=680
681,421,422,1,False,False,False,,UNKNOWN,geo_work.reseau_hydro_edges_final_candidate_20260602.gid=681
682,422,139,1,False,False,False,,UNKNOWN,geo_work.reseau_hydro_edges_final_candidate_20260602.gid=682
683,139,56,1,False,False,False,,UNKNOWN,geo_work.reseau_hydro_edges_final_candidate_20260602.gid=683
684,732,733,5,True,True,True,530.444,REACHES_GARDE,geo_work.reseau_hydro_edges_final_candidate_20260602.gid=684
685,733,734,5,True,True,True,525.444,REACHES_GARDE,geo_work.reseau_hydro_edges_final_candidate_20260602.gid=685
686,734,736,5,True,True,True,520.444,REACHES_GARDE,geo_work.reseau_hydro_edges_final_candidate_20260602.gid=686
687,739,323,1,False,False,False,,UNKNOWN,geo_work.reseau_hydro_edges_final_candidate_20260602.gid=687
688,323,324,1,False,False,False,,UNKNOWN,geo_work.reseau_hydro_edges_final_candidate_20260602.gid=688
689,157,158,5,False,False,True,,WRONG_DIRECTION_CANDIDATE,geo_work.reseau_hydro_edges_final_candidate_20260602.gid=689
690,482,483,5,False,False,True,,WRONG_DIRECTION_CANDIDATE,geo_work.reseau_hydro_edges_final_candidate_20260602.gid=690
691,483,484,5,False,False,True,,WRONG_DIRECTION_CANDIDATE,geo_work.reseau_hydro_edges_final_candidate_20260602.gid=691
692,484,157,5,False,False,True,,WRONG_DIRECTION_CANDIDATE,geo_work.reseau_hydro_edges_final_candidate_20260602.gid=692
693,165,166,1,False,False,False,,UNKNOWN,geo_work.reseau_hydro_edges_final_candidate_20260602.gid=693
694,166,609,1,False,False,False,,UNKNOWN,geo_work.reseau_hydro_edges_final_candidate_20260602.gid=694
695,609,610,1,False,False,False,,UNKNOWN,geo_work.reseau_hydro_edges_final_candidate_20260602.gid=695
696,610,738,1,False,False,False,,UNKNOWN,geo_work.reseau_hydro_edges_final_candidate_20260602.gid=696
697,738,739,1,False,False,False,,UNKNOWN,geo_work.reseau_hydro_edges_final_candidate_20260602.gid=697
698,286,287,5,True,True,True,481.051,REACHES_GARDE,geo_work.reseau_hydro_edges_final_candidate_20260602.gid=698
699,287,735,5,True,True,True,476.051,REACHES_GARDE,geo_work.reseau_hydro_edges_final_candidate_20260602.gid=699
700,737,725,5,True,True,True,512.241,REACHES_GARDE,geo_work.reseau_hydro_edges_final_candidate_20260602.gid=700
701,741,725,5,True,True,True,512.241,REACHES_GARDE,geo_work.reseau_hydro_edges_final_candidate_20260602.gid=701
702,736,737,5,True,True,True,515.54,REACHES_GARDE,geo_work.reseau_hydro_edges_final_candidate_20260602.gid=702
703,742,741,5,True,True,True,516.877,REACHES_GARDE,geo_work.reseau_hydro_edges_final_candidate_20260602.gid=703
704,743,280,5,False,False,True,,WRONG_DIRECTION_CANDIDATE,geo_work.reseau_hydro_edges_final_candidate_20260602.gid=704
705,280,281,5,False,False,True,,WRONG_DIRECTION_CANDIDATE,geo_work.reseau_hydro_edges_final_candidate_20260602.gid=705
706,285,286,5,True,True,True,486.051,REACHES_GARDE,geo_work.reseau_hydro_edges_final_candidate_20260602.gid=706
707,744,482,5,False,False,True,,WRONG_DIRECTION_CANDIDATE,geo_work.reseau_hydro_edges_final_candidate_20260602.gid=707
708,56,67,1,False,False,False,,UNKNOWN,geo_work.reseau_hydro_edges_final_candidate_20260602.gid=708
709,289,290,1,False,False,False,,UNKNOWN,geo_work.reseau_hydro_edges_final_candidate_20260602.gid=709
710,290,745,1,False,False,False,,UNKNOWN,geo_work.reseau_hydro_edges_final_candidate_20260602.gid=710
711,745,55,1,False,False,False,,UNKNOWN,geo_work.reseau_hydro_edges_final_candidate_20260602.gid=711
712,55,56,1,False,False,False,,UNKNOWN,geo_work.reseau_hydro_edges_final_candidate_20260602.gid=712
713,67,165,1,False,False,False,,UNKNOWN,geo_work.reseau_hydro_edges_final_candidate_20260602.gid=713
714,746,747,5,True,True,True,536.877,REACHES_GARDE,geo_work.reseau_hydro_edges_final_candidate_20260602.gid=714
715,747,748,5,True,True,True,531.877,REACHES_GARDE,geo_work.reseau_hydro_edges_final_candidate_20260602.gid=715
716,748,742,5,True,True,True,526.877,REACHES_GARDE,geo_work.reseau_hydro_edges_final_candidate_20260602.gid=716
717,59,60,5,False,False,True,,WRONG_DIRECTION_CANDIDATE,geo_work.reseau_hydro_edges_final_candidate_20260602.gid=717
718,60,744,5,False,False,True,,WRONG_DIRECTION_CANDIDATE,geo_work.reseau_hydro_edges_final_candidate_20260602.gid=718
719,752,750,5,True,True,True,506.051,REACHES_GARDE,geo_work.reseau_hydro_edges_final_candidate_20260602.gid=719
720,750,751,5,True,True,True,501.051,REACHES_GARDE,geo_work.reseau_hydro_edges_final_candidate_20260602.gid=720
721,751,285,5,True,True,True,496.051,REACHES_GARDE,geo_work.reseau_hydro_edges_final_candidate_20260602.gid=721
722,294,59,5,False,False,True,,WRONG_DIRECTION_CANDIDATE,geo_work.reseau_hydro_edges_final_candidate_20260602.gid=722
723,288,289,1,False,False,False,,UNKNOWN,geo_work.reseau_hydro_edges_final_candidate_20260602.gid=723
724,593,594,1,False,False,False,,UNKNOWN,geo_work.reseau_hydro_edges_final_candidate_20260602.gid=724
725,594,602,1,False,False,False,,UNKNOWN,geo_work.reseau_hydro_edges_final_candidate_20260602.gid=725
726,602,740,1,False,False,False,,UNKNOWN,geo_work.reseau_hydro_edges_final_candidate_20260602.gid=726
727,740,288,1,False,False,False,,UNKNOWN,geo_work.reseau_hydro_edges_final_candidate_20260602.gid=727
728,293,294,5,False,False,True,,WRONG_DIRECTION_CANDIDATE,geo_work.reseau_hydro_edges_final_candidate_20260602.gid=728
729,248,282,5,False,False,True,,WRONG_DIRECTION_CANDIDATE,geo_work.reseau_hydro_edges_final_candidate_20260602.gid=729
730,282,291,5,False,False,True,,WRONG_DIRECTION_CANDIDATE,geo_work.reseau_hydro_edges_final_candidate_20260602.gid=730
731,291,749,5,False,False,True,,WRONG_DIRECTION_CANDIDATE,geo_work.reseau_hydro_edges_final_candidate_20260602.gid=731
732,292,293,5,False,False,True,,WRONG_DIRECTION_CANDIDATE,geo_work.reseau_hydro_edges_final_candidate_20260602.gid=732
733,749,57,5,False,False,True,,WRONG_DIRECTION_CANDIDATE,geo_work.reseau_hydro_edges_final_candidate_20260602.gid=733
734,58,296,5,False,False,True,,WRONG_DIRECTION_CANDIDATE,geo_work.reseau_hydro_edges_final_candidate_20260602.gid=734
735,296,292,5,False,False,True,,WRONG_DIRECTION_CANDIDATE,geo_work.reseau_hydro_edges_final_candidate_20260602.gid=735
736,249,300,5,False,False,True,,WRONG_DIRECTION_CANDIDATE,geo_work.reseau_hydro_edges_final_candidate_20260602.gid=736
737,300,301,5,False,False,True,,WRONG_DIRECTION_CANDIDATE,geo_work.reseau_hydro_edges_final_candidate_20260602.gid=737
738,57,58,5,False,False,True,,WRONG_DIRECTION_CANDIDATE,geo_work.reseau_hydro_edges_final_candidate_20260602.gid=738
739,295,58,5,False,False,True,,WRONG_DIRECTION_CANDIDATE,geo_work.reseau_hydro_edges_final_candidate_20260602.gid=739
740,298,299,5,False,False,True,,WRONG_DIRECTION_CANDIDATE,geo_work.reseau_hydro_edges_final_candidate_20260602.gid=740
741,299,295,5,False,False,True,,WRONG_DIRECTION_CANDIDATE,geo_work.reseau_hydro_edges_final_candidate_20260602.gid=741
742,248,249,5,False,False,True,,WRONG_DIRECTION_CANDIDATE,geo_work.reseau_hydro_edges_final_candidate_20260602.gid=742
743,29,30,5,False,False,True,,WRONG_DIRECTION_CANDIDATE,geo_work.reseau_hydro_edges_final_candidate_20260602.gid=743
744,27,28,5,False,False,True,,WRONG_DIRECTION_CANDIDATE,geo_work.reseau_hydro_edges_final_candidate_20260602.gid=744
745,105,106,1,False,False,False,,UNKNOWN,geo_work.reseau_hydro_edges_final_candidate_20260602.gid=745
746,88,89,1,False,False,False,,UNKNOWN,geo_work.reseau_hydro_edges_final_candidate_20260602.gid=746
